"Q3U607","A0A0R4J0H8","A0A0R4J0S1","A0A0R4J0X8","A0A0R4J0X8","A0A1B0GS91","A0A1B0GS91","A0A1B0GS91","A2A9M5","A2AU91","B2RQG2","B2RRE0","B2RRE0","B2RX66","B7ZMR0","B8X349","E9QP59","D3YX85","Q922J3","D3Z3U6","E3WH30","F7AC58","E9PX30","F7DBB3","E9Q585","E9Q616","E9Q616","E9Q616","E9Q616","E9Q616","E9Q616","E9Q616","E9Q616","E9Q632","E9QNQ3","Q5SWZ5","Q3U417","F7DBB3","Q8K019-2","F8WIY7","G3X9V2","G3X9V2","G3X9V2","G3X9V2","G5E8W8","H3BKM2","H7BX26","H7BX95","K4DI61","K7QD41","Q58E49","O35954","O54774","Q91V38","P11881-7","Q545F4","Q545F4","Q544Y7","Q6ZWX2","Q5FWJ3","Q545R0","P26645","P31324","Q3UFJ3","Q564F6","P58871","P58871","P58871","P70698","Q02248","Q02248","Q02248","Q04690-2","Q0KL01","Q6ZWQ9","Q9ESX5","Q5BL18","Q3UZI3","Q3TWW8","Q3U706","Q3U7Z6","Q3U8V1","Q3UDE2","Q3UH59","Q3UHJ0","Q3UHJ0","Q3UKC1","Q3UVN5","Q4VAC9","Q569Z6","Q569Z6","Q5RJV4","Q60902","Q61033","Q61687","Q61823","Q62219-2","Q64511","Q69ZA1-2","Q6GYP7","Q6P542","Q7TQH0-2","Q7TQH0-2","Q7TSV4","Q80UG5-3","Q8BH57","Q8BKC8-2","Q8BTI8","Q8BX02","Q8C115-3","Q8CG19","Q8CGB6-2","Q8CH77","Q8CIJ3","Q8CIN4","Q8JZX4","Q8K1N2-2","Q8K2C9","Q8K3W3","Q8K3X4","Q8N7N5","Q8R3B1","Q91ZW3","Q923B1","Q923B1","Q923W1","Q924Z5","Q9CWE0","Q9D0B6","Q9D6Z1","Q9D9Z5","Q9DBR7","Q9DBR7","Q9ERG0","Q9Z0U1","B2RUK2","F8VPU2","Q3UF95","G5E866","Q5FWJ3","Q01279","Q6ZWQ9","Q3USB7","Q62093","Q8BWW9","Q8CIJ3","Q91VM5","A2AR02","A2AR02","A2ARP8","A2ARP8","A2BG75","B1AR17","B1AR17","E9Q4Q2","E9Q4Q2","E9Q5K9","F8VQC1","G5E829","G5E896","Q3UFJ3","P51859","P51859","Q05CL8","Q2TBE6","Q2TBE6","Q3TC46","Q8VDD5","Q3UH59","Q3UH59","Q5F258","Q5U4C3","Q5U4C3","Q5U4C3","Q5U4C3","Q63918","Q6PGL7","Q6PGL7","Q80YS6","Q80YS6","Q8BTI8","Q8BTI8","Q8BTI8","Q8CIJ3","Q8CIJ3","Q8CIJ3","Q8R1G6","Q91VJ2","Q91VJ2","Q9ERU9","E9Q4Q2","E9Q616","Q8VDD5","Q60598","Q9ERU9","E9Q5K9","E9Q5K9","E9Q784","G3UZ44","H7BX26","Q3TZZ7","Q3TZZ7","Q3TZZ7","Q5F258","Q63918","Q63918","Q8BTI8","Q8JZX9","Q8JZX9","Q8JZX9","Q8K194","Q8K194","Q8R1G6","Q8R409","Q8R409","Q91Z96","Q91Z96","Q9DBC3","Q9DBC3","Q9DBC3","Q9JJY3","Q9JJY3","Q9JJY3","E9Q784","H7BX26","Q8R409"
-4447.60302615722,-22302.2558178379,1371.48679230743,-2836.83178350763,81.3830803048913,21951.728733591,736.815182910883,5315.77385389878,-1278.44119225333,1504.34857148342,-4567.25523114544,-3730.68501217161,3101.7374136973,1099.10022305883,816.688599847745,863.53761566291,1173.22007719665,12478.549672503,1677.24580490403,-5861.50229072261,7531.95039265873,830.598078019601,5383.68796032423,-291.462266545699,-1539.22655458044,-1491.51657368944,304.387424777553,17611.6142271127,-470.475453450334,-5239.11794565423,3072.66858974294,5307.27604435146,16041.5606007165,6084.69866615778,2069.79558102928,3619.63289033662,-28257.7028687843,-2001.93705923745,4159.17261840682,4187.15706377268,5741.00994800439,-2327.89880879533,1395.53253471523,3132.9499766211,-6566.93389028622,-664.453001574388,-2246.98365872524,2221.13944119544,-300.147017807132,5340.60787932618,2111.59328838057,-1097.84007721737,5780.34864935715,5678.24075278157,-2723.26925002648,35166.8291524471,6973.21269164898,25613.8792603607,4811.41766860522,1219.51125745915,4071.70396876865,-20189.5583550611,-900.67611655916,-365.205200200835,-5234.88169024262,-1268.24407477003,25315.2810969292,128.590463151253,-1350.37366093577,-280.148332386772,4650.54967597215,1746.99649529472,-442.491523649758,-2148.84983058006,4538.4998903221,1929.60557912638,1342.70982852108,-1447.42680941249,-2405.40611018382,62347.5341489937,-487.560859162666,2705.39881446541,1692.70624005057,-1125.75835113905,2669.68160846322,-2191.32359666753,1728.29292077488,6837.58422959613,-98.4995291110336,2667.63340571968,-7318.84227160685,1442.11551822908,404.354989570455,-2964.39577894637,-881.029055389477,-1476.96459712063,1791.39021528137,763.385778261305,230.703195150421,-8454.10787152264,-6859.08912227344,889.005861238256,-122.080156971566,-2965.33007940409,6813.33612752534,1011.23255313199,2307.56625978711,-1935.47997618472,1212.67756295002,-922.993129465089,5702.86592670106,-761.399825933511,-275.185535535722,959.861454091955,17743.0887285993,6713.70400210652,4475.65175242643,11306.6145810917,1236.68974362928,1275.80273580189,1872.34418593285,2654.8277090761,-3928.09455512564,-3452.80658586098,-6547.8853840628,1521.24960537758,308.515938243123,-3876.03712545827,2609.07566867667,-9724.82653166424,-740.206194128732,799.285638113019,2430.47617984386,-4345.07064413922,9290.11845589276,-1226.15469806916,-1068.5250815129,-1426.72797551888,816.391824080569,1393.92717750915,2424.71498071384,5584.21777172544,-757.548320140108,-1379.64121174206,-1844.93429206892,-1461.18329161917,-1805.40417645544,-2707.2581495405,-259.031288327787,2873.3071218871,3824.89294912574,1470.28436889828,-6240.3350837242,-6240.3350837242,-94690.7954757544,-103332.410728807,8231.92581619008,-295.541278173798,1986.48793704161,-809.306158072988,538.7613018018,-4395.25345979818,-5378.96423791967,-5878.35207579643,-346.194653398356,-346.194653398356,-1828.94862953258,86709.1639195275,48682.8118008716,48820.2348135099,2254.67516283212,-1680.4097748496,-1680.4097748496,-7978.23772969599,-7978.23772969599,501.980669361772,16680.2772754627,16680.2772754627,1762.22716588981,1762.22716588981,788.111568741057,-1597.99528744378,-1428.3955804122,3409.69490509035,2831.47397103027,2831.47397103027,-473.746972316188,-360.944086183288,-360.944086183288,168.845018817723,-19004.4921155728,3121.34196693933,86709.1639195275,17244.6131894878,168.845018817723,716.6109516877,716.6109516877,4278.37938200678,-363.943638993813,574.456422882475,-991.867437924053,-991.867437924053,-836.192320820528,1501.52029133663,-3428.9956014601,-3428.9956014601,10591.807990895,-62.3761811936893,-62.3761811936893,-62.3761811936893,-480.766064900188,-480.766064900188,1015.28973925529,2805.73821184478,2805.73821184478,-1550.40255448224,-1711.43174653379,755.827368859696,-171.969366075893,-171.969366075893,-8640.88672081633,-8073.0196091941,-7106.48619267027,-614.90782176864,574.456422882475,2805.73821184478
13166.51039487,-2484.17076813377,-1398.83895612694,5190.53521268725,-4098.26991930067,7385.34351441899,11493.99161909,53.5974559414608,11486.7816818663,1157.38503230976,-300.401078157789,-572.463245745479,3660.85141944895,6340.05120742146,2189.64551050858,-2455.06638154419,1591.17946357302,8773.04793187921,799.762984618312,1793.33062801987,1609.4591911856,1075.0747868943,3262.11185424986,2652.62077919101,-4760.86658643968,6489.43458700445,2152.633687019,2314.32181414426,567.436399755978,69299.6134309075,1119.64831927972,14723.972132755,60384.8070366148,33049.6466968922,649.637339366876,-1991.89536192786,3641.52038842789,5209.54271981434,-29405.6448238865,-4807.12844501148,-7808.5925502855,3652.85496708022,2862.99463811675,5055.32388933649,-4253.57574578744,2389.88804870008,5982.50382063111,-3435.35929084854,572.975689795723,4320.45065522111,4942.86531388375,-1464.30735633568,-1750.24107092676,-3162.41358721742,-572.714855236576,35477.430495954,30847.5360963822,-69240.1870193527,5955.5931392232,785.9056699541,2499.67079610899,-49296.6317278068,854.504868995078,549.093212583502,5028.22017536222,2597.84702280541,22329.2914223729,694.818400336899,1519.42757883613,-293.023795301662,2903.97525024267,5422.18139807439,-898.8127645407,-1898.6932759525,121939.704185587,-261.637161059389,-5306.20025721846,-1992.01718287039,-412.757325896942,-80237.029565656,-331.733384282328,2084.60357189222,-1764.3507214249,2666.27194999969,13064.3045731666,-1097.09365720553,1998.54325370305,-1575.5680003161,-1332.97529182627,13694.7883106032,15144.3385414648,-5521.27443352155,1653.64844013454,-240.009398965172,-840.209824855134,637.205619155557,-4923.96195883141,-3245.54378423817,630.737391763647,-3566.21379990116,11.0026011156006,2881.65014308927,-4828.42526082998,-4895.70514652118,15908.7666820299,-2272.31043326617,-3205.11799014578,-22739.5273116835,-1173.70531688357,233.9278922416,1683.621711922,7.47950852933354,-1026.04279872852,-180.62363725041,-17285.8347911677,-2272.28220445891,2486.26157970852,7231.51700721722,752.886160379974,440.642804748268,3164.31307844555,-1745.57247129233,8561.65745161398,1197.5763327138,1372.77572046399,-2286.26630264007,-6313.5210684937,-1089.40296864373,-10793.0238178009,13516.9670215669,-1546.18942982495,-1360.78844012558,2956.35274916214,-3613.69652578689,11417.255092248,1484.90210830469,-7224.55911025518,-113.506530132358,-1511.8152928063,-518.785751209856,1796.26716870539,-7624.70550786867,4778.85637622167,-4010.1641565234,-653.740600312172,941.620935905888,-1985.02592568262,4156.58794835613,1462.20795454252,650.636666255319,866.115417403853,2605.62662651714,-6696.58898492742,-6696.58898492742,-43336.5861039246,-46606.8030103834,-3134.02226978371,655.925360010006,-1983.26029326541,117.455606834546,710.962179233189,-275.460289198614,625.414952152714,9346.46058497234,29.9326630988216,29.9326630988216,789.266854351834,9318.61738052929,26765.2513331288,24320.869275274,-241.536404881666,5682.37005815564,5682.37005815564,2737.54333492863,2737.54333492863,-16567.3458204803,3519.62545772741,3519.62545772741,4903.62102527352,4903.62102527352,-2565.10770657597,-2717.0189678198,-3663.04406927998,-2335.56937252986,178.331463740433,178.331463740433,956.333426285779,2199.82339821442,2199.82339821442,1069.04458341598,-5344.2344144088,4547.041785546,9318.61738052929,14103.6988015048,1069.04458341598,-143.301217747809,-143.301217747809,-2048.98039155873,1702.30698312676,-70.8644204611555,-852.632006657386,-852.632006657386,-718.810104246313,93.322156905353,859.137871019237,859.137871019237,-28824.6878574503,1878.74353202865,1878.74353202865,1878.74353202865,665.798853703658,665.798853703658,2304.50759383967,485.59310122719,485.59310122719,-1288.62308116294,-1624.30735871485,2682.57561831905,4330.2440792319,4330.2440792319,-2758.64046848321,-2577.34643634822,-3915.88213895877,3622.33786945001,-70.8644204611555,485.59310122719
19136.7021962317,6239.19095554145,2185.64275860817,-1249.08708651261,2928.83630748835,9617.94774960156,-84.6249382916722,10181.6405528708,2046.05369797433,4322.33511685988,557.984145470597,-4868.30509960284,3069.42247939143,-1618.26278696828,-1508.44991846504,1658.83784261625,167.976696307855,1111.50186612291,-1002.80599628156,5216.31469207592,2412.12804562232,328.292969868664,2835.61196766318,5710.86733611173,5137.30692448445,1214.62848372301,14337.3151558065,3699.30059226393,279.83158905922,-23831.4545774768,-5232.99228890451,-6957.21469714868,-19127.6133281093,11126.7865906992,665.703951313288,1259.9427774845,-11386.0004683161,2774.67819386724,-12792.4105813017,889.36379940607,1258.76192486081,-5584.68667711267,3712.96832753747,1129.38133374893,4739.66284918098,-374.979208688455,3150.03384506452,-14631.9667612527,892.570486606766,1860.81495672532,20195.433447163,1462.45588617612,8.22244004999811,1346.89365102389,3091.16436065487,-13646.0447900926,-18378.1225496436,63858.5095731011,28186.4021458809,1809.74385967556,148.87446851487,119189.144644458,-616.824837658467,187.105727876657,-9.04810423729941,3726.84664446671,1404.3596714891,-674.580942074699,756.41462665984,8476.48916562523,3591.1008025859,-1076.47975461472,2219.771434928,-1589.36127100367,135872.132871347,1944.36586959748,-963.475982471718,2850.36512626859,-1170.9136368487,20122.9797178083,8693.24147039544,4662.08154968623,4970.24050230323,-3622.9564030818,7170.06442245645,-581.209414104291,1684.45216606837,22717.3596275508,428.506595308945,-2476.28774653102,3735.1270782972,4388.73499749613,786.542526413956,-9722.73287635301,-1723.27258163826,286.515436660844,1260.23454247566,1611.81402679977,1509.52087706311,3300.6863731476,2091.43832435771,5936.74583177183,744.38678912531,3419.60085246045,898.165544228337,321.701683061088,6446.7230256139,-43693.2592108382,2873.34313391151,2204.01200406029,-2999.03913255913,-21.6977299122318,94.3320365890904,1287.88038499191,27017.7110435411,2548.33740008842,6221.01320730599,-7553.69764607123,5678.95566689214,2411.7004956915,-2688.11245017758,-149.542758345007,-656.754714300361,-10473.9509262562,-2253.44325973711,2901.75845169796,-338.057681536469,2093.74199374129,-11924.2867551394,4007.53442113055,1864.36838184759,644.063524424571,652.471394694803,10223.6018489171,-4059.25554049145,1517.01215639884,4510.85294456901,-1503.85215474709,2767.67639841574,5423.3013753281,-527.806399192454,11868.2060133184,10343.4936693402,-7712.74935535729,3978.04100999636,1312.1342900692,-694.292795692134,3567.19236417162,5392.0983694166,3742.87159810909,4982.44099144124,2755.36716171768,-1070.16151356905,-1070.16151356905,-97376.7702237945,-105350.764990877,-9157.82822996219,5320.26426009391,1596.3390253199,-1149.90089488493,-454.726712091377,-4454.51873666729,-5948.09069497662,6803.9149617799,1804.99861021846,1804.99861021846,138.625797185188,-32401.3416716426,-3617.1758030561,-6017.54268097389,1858.62646331977,6912.21887523834,6912.21887523834,3037.81420269398,3037.81420269398,2252.57750468981,-19010.6853905083,-19010.6853905083,10640.2093504979,10640.2093504979,-3712.94152293389,-2417.81106277457,-5189.70707359376,3883.45499633031,3571.83281346871,3571.83281346871,1174.90873273545,35.8292105763103,35.8292105763103,1161.46005850464,-18760.6790308013,-11172.0444033509,-32401.3416716426,2575.9627895283,1161.46005850464,434.087954004899,434.087954004899,1703.43929936686,347.62811447513,3405.97555507882,-308.188209113467,-308.188209113467,-259.817596560506,-70.455718622412,3796.18162717411,3796.18162717411,-5728.29025210568,6227.88879440025,6227.88879440025,6227.88879440025,3266.95903443142,3266.95903443142,-2637.93658092109,394.629057767255,394.629057767255,-6831.51610148098,-7301.10316380772,1784.6366524476,860.342649388112,860.342649388112,7856.45309964532,7340.13787952546,7532.00661612695,521.583567943038,3405.97555507882,394.629057767255
6612.41243014499,209.702583317994,-3966.32750108604,1185.14902280662,-624.593277774635,5573.89551435533,-1922.87776561989,-4772.13247285478,-13265.0592940167,-1843.31258618669,1632.61016541728,-3075.07363705264,4896.99564345404,-2627.11038156714,1280.80922851712,-1191.47357244127,-516.193601153511,-14857.0271639071,4732.10062572424,1459.34411145098,5231.4157203436,767.403563299391,4408.53271590342,4010.19063871641,3737.41768475734,-4301.7095650679,822.455674532219,-348.79755679454,-593.588775540145,-32586.0878304976,-2354.10476386436,-1741.59207958935,-39319.1112294769,6618.2344447556,-698.835623675866,994.910077619614,-68546.2248760721,-12153.7077612511,-8478.55934847309,497.861651855041,-1463.23036868632,3294.43767616712,4224.29904541213,3591.42639590775,8561.11281495556,1528.61277161397,6103.55516900272,-8090.61746047446,500.5928144441,7928.15475921296,1562.57563431267,540.628248310153,5222.87754656507,3146.46214912044,1022.53183619613,-66198.3490250261,-7298.51418605921,46955.1160001826,10090.0765190056,4358.1790940061,6419.92381881076,19792.717318056,12373.9852650105,-892.785424335958,18493.3376062753,2591.63317662467,-2372.9490251902,4594.32519107791,-5665.22433197995,-2519.07946819898,-3323.69887580672,-933.163334961719,-1547.59351243158,-808.043360497755,3869.79693007562,1764.91559130451,-8257.75785756538,-125.491625201568,1165.9139675936,-80218.4348005384,11871.2516060796,-2685.68668220775,2715.09904015851,-4727.74808138662,998.058697320783,-1083.08950930113,574.349014958578,19820.0487236062,-112.103433021055,698.329056453862,-13320.9453021443,36732.2754061865,1760.62998695274,-5136.28517809385,-102.698819780289,1650.62175533437,-7602.73129621564,3100.12123893933,2106.82028535803,6851.09191122288,10546.846993898,4352.15292633123,-4818.21294640963,3208.12425561115,1764.34746716489,-182.539919848445,2600.61889610944,3878.49676484169,1655.37731678749,1881.7129745763,-2350.91175276594,186.571910344022,2938.07626726828,391.544939516678,-46181.4466872158,-4535.09050250081,4426.53656996437,-28345.0650604068,-3028.94469374351,1800.62196892729,-3689.01762018878,-5667.86470410433,10240.6199358709,-2061.99902866726,-6825.20714311411,1850.21270318912,-4877.75401899481,1514.04333785115,-19131.1669734349,44874.2678206572,1756.59371799409,-734.501390301462,-1708.66461506065,6184.11370214465,6915.21047912542,554.059285493833,2898.6910146999,909.913360621811,218.587399761534,1457.17761074468,1659.8897128402,4176.58908443959,3218.26081136211,-3240.73509704949,1763.83849833049,2283.45554642507,6828.55041699498,3030.00335953848,947.838089138255,5776.48207502352,7689.54539916972,-1373.12487783959,321.630988922196,321.630988922196,-112201.824640471,-121337.085263461,-3372.81039539437,6518.24714758847,1959.04186942488,423.167892305692,719.0714749332,-5876.04731871714,-6509.98909178592,12914.343775257,-34.2142124024886,-34.2142124024886,749.063041002522,-15701.1167467536,-23679.385690915,-25547.8124014679,12.6648489130239,1301.68489393223,1301.68489393223,5445.61355119889,5445.61355119889,-25901.548119502,1790.17217720841,1790.17217720841,-1753.68704291807,-1753.68704291807,974.883383833112,-769.049444569915,1467.38762116124,-1346.02313098235,5322.56195322068,5322.56195322068,-1897.77622404017,1263.87705725446,1263.87705725446,777.73786915599,-24142.4354583872,3711.72245545709,-15701.1167467536,20987.3279332606,777.73786915599,-3564.81940764246,-3564.81940764246,-1244.12385244309,485.84568001733,-496.265255628477,431.509229559812,431.509229559812,363.783193524607,-391.013615690434,873.071729365241,873.071729365241,-42635.6921191181,641.984820588979,641.984820588979,641.984820588979,-2322.15831080963,-2322.15831080963,49.9079294781404,-337.774253528823,-337.774253528823,17.2607386544478,-888.3736643753,192.506864097973,862.745064141563,862.745064141563,11746.6585673655,10974.6844300606,9340.45369404052,-742.383758153912,-496.265255628477,-337.774253528823
-11087.0737704164,9642.13123761123,-1978.27927145924,4170.82758170799,1142.00558311569,-7006.29623036744,15563.4945004004,-6174.48564598369,849.175511382447,-4048.43149745232,-3056.65295600849,-170.620171808318,-4852.99612138778,-1454.94638538775,-1834.86242349662,-1114.36940220362,-973.928852547655,-15621.7516006483,-2320.74411847771,-24.1382164038441,-6106.90469687405,166.289028372543,-8631.14132105236,1824.24772404681,-843.692069452998,2927.95552452645,-12949.9583175602,1205.61662197934,-707.263710173986,12272.4805263687,2595.72665970564,-4245.15654341091,-21732.902840554,2942.90181581222,-2423.72555469441,-2646.16225086413,22758.0161963344,1993.17480823011,6615.72030514013,-2626.85925790972,1236.5570793409,-942.008341032881,-1821.80010329923,-7488.57697053567,-1381.48728889265,-1942.811045137,-9368.23630246313,7113.02661855667,-164.687695161321,-3357.466011507,-12900.6256607125,711.91707054582,-2210.77864191549,-1884.18152013897,-40.4579630954395,-5544.41329235688,2486.10055574632,-3968.94771267939,13997.5304947275,-4494.48991574044,-7205.55865369932,-72552.8912740877,-7567.57668817863,-1894.47130258225,-3464.51932349463,-621.483489335384,-12048.3299322821,-1520.08183113089,996.745847235958,-8754.68016557131,-2273.17815446409,3756.89881729613,1328.3505302137,2068.85684023778,-138457.821660022,-1857.3938761143,-2550.63079030451,230.170290945323,-227.579916751747,90296.737532898,-8455.78926650035,-1083.96695721152,-6066.06125084249,-171.817370150522,-11136.9640134294,719.587422806202,-2257.64340676078,-13746.6191623592,159.715367284678,-1040.00138447729,-5728.47515360388,16613.8500846593,-465.571197834322,3919.24760086661,2337.42240271908,111.107624238601,-7142.07390842354,-2510.82410534083,-1586.80676199187,3187.0380411682,-240.201375657081,-9227.63241836922,2128.63886725311,3879.1607551688,-9155.83814325677,-2980.88499475131,4344.52471567634,37362.4400904808,-1821.72655617571,-1257.35921088101,-4565.05426164884,762.031139353667,-1391.78598701435,35.178658739922,11114.8049523162,-8396.19532457313,-4904.49580343721,9022.29780250468,-7715.9331194759,-1888.06014743172,-1571.90858074478,-1733.20300085589,-7173.24802332872,-3614.39863467035,-168.690327327015,-2037.14457191519,5940.90589610239,-1080.87153252026,15117.0435280896,-14202.0420978869,301.409996973434,-3462.07096028121,661.57102129639,9937.32273232791,-7974.41621762827,-1356.34962083925,3969.50791218574,-428.695018913322,-2287.86298727221,-2730.38152283489,-2574.53584171415,-13366.4243709873,-9527.737710684,4681.10281833645,-228.23558632654,-1116.42923974951,-3170.40293164083,-1595.16075385952,-1275.42454101191,-6388.71018434253,-8504.532060621,-4914.73213535469,6453.80442577059,6453.80442577059,67154.2408291101,71267.145025858,5435.48245085165,-3478.71120680877,-1140.94286378625,1810.98943689675,684.9827528811,252.063453599716,-313.363164315815,-7671.42105642034,398.3742898581,398.3742898581,339.8141806324,2560.29664697486,-6049.92961188132,-4172.91493349063,1487.50365489574,-4104.21265733548,-4104.21265733548,2420.9392089029,2420.9392089029,4132.50797514897,4961.79866049648,4961.79866049648,-7543.6192948274,-7543.6192948274,3974.35875203836,1441.524450409,-35.0121634039242,-2973.54130353564,-4535.5124781861,-4535.5124781861,972.877878490934,-814.442079572535,-814.442079572535,-539.226769868586,10878.6413227072,-25816.4190360722,2560.29664697486,-41707.8791786788,-539.226769868586,4319.86637761702,4319.86637761702,-3488.5411143449,-303.282815109471,-2982.61332034539,-247.0380802038,-247.0380802038,-208.265074261353,-4682.87649906949,-4318.36851256443,-4318.36851256443,29771.5726366625,-4054.248227988,-4054.248227988,-4054.248227988,1301.91226623884,1301.91226623884,-3982.83952524994,-2525.5449693161,-2525.5449693161,2097.71297044145,2838.59498166155,-6380.89988672802,291.654285889002,291.654285889002,-11688.8490162822,-10920.674042635,-17210.7169957271,-4235.45308018873,-2982.61332034539,-2525.5449693161
-3445.61976474445,2202.09010972723,-309.097451683672,-5402.48323789705,15683.9597933049,3463.63445551845,14002.1261862965,5093.15611536225,-3266.87889488567,1421.78382419552,10.9359707361,5370.27553414195,3183.66797712587,-370.038146793922,-2025.301252552,-622.704085169535,-476.010270329978,-1002.86369797323,-1067.15603283227,-1338.42965894609,-7491.97484572305,-1071.15363707439,5424.93779364499,5935.81062412717,2527.29296988122,739.35628284188,-6241.094802056,-17316.877095854,849.370789513832,-29559.64687306,-3278.68656198373,-1095.07111019499,-40477.4587476756,-26262.1709534233,182.362450278066,-1880.14239218969,21076.2278376991,5745.53775741166,-35276.6032727388,-6141.50304137649,484.001003205798,6717.0302267291,-3574.72152945375,-7317.6655669952,527.600653959322,-3683.09300476607,-6198.00378222605,11945.2253675073,-374.206056988656,-6783.12046173898,-4627.85612260099,-4869.33956874361,-6461.86197714567,-1928.2536702955,1534.75758204664,-4418.27035366197,-25140.8413696906,67570.3146361379,-38810.575420726,-2046.3249532238,-7633.69787296656,3211.58868775272,-984.706007188783,-1471.24966622341,-2987.75538905464,-4597.09019435465,10090.0226401082,-1207.14153192559,4006.90405152555,-332.327288091983,-571.774373442044,4549.08830594945,-3050.68325237565,1441.81463321674,127894.18689481,-1340.77064623737,14678.534085307,2448.87275932122,2420.8412570075,147097.010088966,-4059.81816296744,-4706.0468494019,2487.22761143246,824.225084629426,-5811.39913480611,1600.31385075874,-822.189900513476,-49795.0348812999,-282.51180597231,-696.478314248991,6758.30756688974,2622.59148153046,-1143.64264499193,4770.79662132244,-418.657774003936,1090.77644659609,9731.98683301568,259.593989018031,-2300.36434953933,308.831573468546,-5427.12262392094,-2322.56449489783,2532.58799032694,6672.23555833373,-3375.18187184967,859.891757499587,-1508.59554650723,10412.0540861684,890.333403758834,-1473.5364157103,3094.0657577198,176.945876681166,1558.78774700864,-1538.22561623971,27207.9392446679,-177.621016013683,-628.253939421571,-1513.77509731022,-247.776220300118,-916.517524395522,549.060772597833,-1076.37807169944,-4607.0297157708,2188.39719929257,5366.06101135451,288.88370007807,4933.34257531137,4338.97862718879,3920.23466970591,-20869.4717183984,1577.41838802877,-1406.17033023673,4477.71122992848,-19309.2371755725,-2997.3670549957,2510.59922426632,10504.6918116946,365.234463129378,1310.11717246925,-2479.46458346632,-3390.90180490339,27823.3612887065,-40.5269969478977,6558.58190122997,-2238.91934482993,-1479.64796593908,-467.513598334357,-5066.00922158505,-5087.63463897673,-3967.66522069857,-5281.6820769143,304.64662022351,4063.06316680309,4063.06316680309,62443.1818622022,67845.5431696589,539.105096459331,-5729.80300841399,1294.9654503078,-1717.57268115539,-981.6196757282,-610.433034177535,-2197.6777722378,-996.996152272448,167.579954616711,167.579954616711,-257.900793784345,-2380.74498447648,-7313.26997066155,-8875.23240785126,-1769.6100740361,-6808.08671129363,-6808.08671129363,-4711.10858357489,-4711.10858357489,40169.8928199551,-257.182215591893,-257.182215591893,-9820.84517098663,-9820.84517098663,3450.98453778028,2675.45727794211,3330.0335433016,-343.988755920378,-5056.54303497601,-5056.54303497601,-118.100421108931,-2538.86689558567,-2538.86689558567,187.322372697097,11126.1359101497,-6768.50839356257,-2380.74498447648,484.711560512194,187.322372697097,-3060.18655678958,-3060.18655678958,-3317.71679802474,-3293.34294379815,-371.968178745279,184.274349359999,184.274349359999,155.352207328711,931.306555784337,6383.91314266727,6383.91314266727,14682.8466770356,-946.804648585865,-946.804648585865,-946.804648585865,-858.591787884699,-858.591787884699,-884.292051953205,-246.440387013634,-246.440387013634,-3687.19919254199,-3309.42142620226,6765.18560491907,-14653.7525668219,-14653.7525668219,15617.0066921833,14590.6786347739,22427.3194708855,-4392.2511833168,-371.968178745279,-246.440387013634
-20313.4174613508,-1806.27246601423,-4018.45615687087,435.252779888368,-7744.39762054579,-19879.2747624707,16469.3593394851,-1903.84224633657,4675.3608904601,2665.03350088999,1537.10550358704,8106.56629457053,-6122.04806103422,-1610.21307917235,3938.26160370627,-105.775975114266,812.076568232644,-3659.36973927787,-232.478780003017,-1361.88876404802,-6687.7765934206,-2803.92162916443,-3806.59783997404,-12847.7254762264,-7909.66527009811,-5038.64153451868,-6389.14117722132,10163.0555578545,1479.45516909891,39064.2249377457,1236.65185979122,7944.04430621545,52547.5575812478,-12673.0742847389,287.280308451889,-2157.20589451827,70946.5852362171,660.94647692368,56483.1256528129,335.494911041344,-148.539043215867,6577.12385402212,-849.690980568979,-1400.8140457636,3355.96227924511,-778.260081783723,1625.40127691324,16668.9229746783,-672.108015709622,-1886.93960946527,-6486.55243887412,-1521.9887103213,1228.71164258111,-3193.97058372305,-3255.8060948289,-18958.1102358716,19906.673999118,-65953.2718150778,28691.2044034141,-3319.50559911527,-715.87757532089,-35576.940142713,-8184.22321117531,1637.73307024255,-12048.2027778257,3199.52416228058,9366.47621322179,-1338.26515621525,-2048.72481862108,-5637.209700661,-4933.6025524297,-7447.70120012731,860.016867212744,1285.20923343663,-196661.998431411,-1157.35134327919,5152.29226942218,-2824.74067409789,-1343.88044918774,-46196.6544994696,-9049.08649847722,-3.77096874432755,-5107.25344729082,856.696450090531,8536.99802367466,1607.80076850516,40.1545852167546,5317.77494505502,384.319188880821,-6648.18768744716,-24709.6633830532,-6481.52652263094,-1196.40779192793,2243.21735056714,-98.6394140567354,394.381376329722,2292.40802997691,-276.234990767356,-356.960856983076,2197.39952226415,-738.7127775513,4561.13494369599,4982.07077608737,-7644.79747309962,-2446.62443388844,1140.27458692267,-2092.74030481711,6968.67146597634,-1750.72418248651,-1100.80172277654,3031.46974843016,632.479704243346,-3135.71593335506,25.5453908053987,-8807.89235800877,2638.91271083037,-1359.00967897638,31548.7704802264,-7598.69750287075,-603.549985249301,292.887055742758,3669.37838746033,-3677.40702827057,15969.2905680095,5694.4994106454,-3538.4864988114,3393.43940652133,1627.55115404169,53575.2196701925,-4163.00080923008,-1543.00239667155,521.293990358521,-3348.20868297706,-7458.79467800324,-4747.7246032259,-2693.1766767662,-6206.57422590711,2025.37506144024,-215.305742787445,-3215.00980169344,2761.26929859137,-27345.3064259493,-9538.09551594389,8643.22295390612,-3683.92536837624,-3072.97407506898,-823.030733843712,-3069.66752623313,-1489.72959948328,-405.145949204947,-539.322745096324,-3093.2414190692,-3446.27232467011,-3446.27232467011,84631.2982776444,90979.1366640755,4263.17327291625,3754.27084919755,-1527.8210746629,844.299089942739,-1767.55543675507,9269.91770025061,12009.2165710244,-9145.84970928112,163.422457443845,163.422457443845,-29.7243310202884,-80539.3702087117,1012.74832924269,5903.44639459619,-3040.89387687909,-907.021509882077,-907.021509882077,-2601.50264205825,-2601.50264205825,4292.23008627066,9769.27095920546,9769.27095920546,1942.20696560454,1942.20696560454,-1299.33925200564,880.179701257766,3114.49572602311,-389.873034122989,-3456.49776982672,-3456.49776982672,-819.143950551646,470.237151787624,470.237151787624,-1722.02682068521,9923.98179722944,23923.680716514,-80539.3702087117,1297.90708388505,-1722.02682068521,475.344362739586,475.344362739586,2681.14232462716,2983.79637560078,1754.22036772988,3552.06531762081,3552.06531762081,2994.56321286638,6541.57498077465,-4994.25985481218,-4994.25985481218,51475.9109496448,-3676.12573644042,-3676.12573644042,-3676.12573644042,-1730.27786704873,-1730.27786704873,4284.1764665859,518.601168945688,518.601168945688,8747.15617552077,10041.2634981097,-12965.194871994,5043.78750195088,5043.78750195088,-20742.5531153331,-19379.381243529,-24741.4715959897,1199.71732242753,1754.22036772988,518.601168945688
2920.148359496,6972.75151483377,-480.364988492584,-2608.73449327437,-15425.5116563941,-2152.18826551415,-20157.2058318724,5537.84958607054,-587.551185137883,-2300.9469987782,58.844687434088,2845.07559857541,-5733.29687053214,-1712.42686800099,-2901.63326488368,2472.52879414885,639.035959384411,7724.97533670001,-1658.88168476283,-1948.79013684039,-226.648628720024,323.015333836698,2251.59262603289,-4868.66896828596,1155.58511451089,-3818.25024331966,-2242.9021919262,-9576.83775791223,-930.648677267855,-36417.7030557579,1246.99403952256,-13200.3025740584,-33385.1469174112,-911.45260587841,3205.19162329554,1514.46367149829,-58405.2589146545,-5514.01260070756,-15734.4251440911,10093.8860933771,1184.33170800276,-6611.03822528222,-2684.97235905791,5319.49328763362,-4743.33960595724,-1833.4881014842,6863.27049552277,-3883.27701041911,254.310578942301,-2169.45767573751,5295.25374178466,561.531173277668,-3029.66438196064,-1458.80613732652,-1932.06005857632,58635.2419431586,6865.78132834134,-95987.7537286822,-12685.7361357157,1545.56839281714,991.721317075338,-20750.2952934168,-2362.28940697377,1217.7493145635,18.0230534049188,-7306.0555768518,-7836.03960177361,-1131.4451127641,2503.14893108609,4201.77889369357,5007.3020730627,3676.34258863446,-534.170980023613,1026.45514354568,-92283.2021607333,26.0038342654661,9524.47371809048,-2376.09575292369,-1574.4388960016,-65929.1510250224,4826.47589838534,-663.164875634429,-355.539638454742,-1774.23117157049,1600.37066186522,1107.87982158198,347.546844793611,5337.84506462881,22.0808533968993,5726.65164152309,34605.6354566644,-33718.0868580473,-357.409389804601,4316.48004792743,-3928.81227526108,-3721.8340912967,16649.2468227031,20.1465148186544,-123.306014968923,-1913.59178340147,-1382.76482623017,-965.238628777413,-1092.28205602128,-4886.50254984555,1817.08739648201,457.186117310004,3192.48508014211,-25951.2165382665,-2079.46649469941,566.291812868811,5040.65002794544,-1202.70240072959,474.564792795878,677.443212478278,-45099.3688953021,6227.08315111372,-3431.19331759242,3758.69057920791,5639.74340986492,-993.571594467054,1831.80486103691,1942.46905595444,6361.36021368153,-4914.16157785246,178.920217435429,2806.5630150383,-1167.24908926181,-7242.97470176383,-16605.5689974349,-21817.4646360598,-1669.97370594278,5878.74002435267,1171.08748704407,6910.38788371457,3825.06967949546,-611.540784358789,-10170.7672192904,-153.259419830611,1188.74119172766,-2459.32715554085,-141.196150302345,-1201.72286364988,4034.79188305244,-2391.42267202431,821.911039849903,2724.15463128977,2654.63356599424,7468.71850450504,5523.79698917086,-1604.58906420887,-2135.99909010276,655.121051781083,-3847.34764560063,-3847.34764560063,40081.3742014689,44275.1816941043,-7542.03859245529,-1581.03495762867,796.543187250987,134.681813077261,802.918748499724,767.240216748876,-843.459098779189,-5039.75146407689,-891.914216299445,-891.914216299445,-705.300338755467,50974.8924784187,7205.31011565577,9358.31302791252,924.491466544721,1021.28709951956,1021.28709951956,80.4135519233751,80.4135519233751,-5205.76762510574,3542.30044054438,3542.30044054438,880.232158574174,880.232158574174,-6392.25834368561,410.525134896969,877.552536521667,2385.83261716118,1296.74877893834,1296.74877893834,1370.9539083329,452.245065946725,452.245065946725,136.871027922891,8490.61679551113,1199.7457067229,50974.8924784187,21009.4643693945,136.871027922891,2407.02613680315,2407.02613680315,4946.68926644275,1497.98748940546,1778.00585875412,-1235.02077228484,-1235.02077228484,-1041.18236606277,2276.3393930378,-6890.21696628707,-6890.21696628707,16067.816736893,2420.32222301492,2420.32222301492,2420.32222301492,496.917707105713,496.917707105713,3500.70000143994,978.539231037823,978.539231037823,-1257.5023451756,-510.673132511489,15928.690835063,892.571359700116,892.571359700116,4618.91570565201,4315.36696055977,5815.94627908077,7386.56991698726,1778.00585875412,978.539231037823
-4851.72920242432,-6356.37813775291,-631.475240419779,640.502347763373,-3879.89648366846,15342.7373847954,-30237.4459062958,-11009.1290450661,-90.5637523406767,583.005109160338,2663.03793837035,-3628.86267699041,-846.50246405309,2001.34655202269,-747.20800798108,1291.74127316169,-1116.7388933613,8152.71359473598,-293.677938765119,-25.4936812356973,1885.56979812373,726.05530100131,-4005.55557567738,2425.00103017227,-1726.41433637633,-12556.0535544833,11634.7304717013,17023.2973502647,809.224978130678,92.4640654232935,3693.54383610956,7546.44501027925,10406.6876999308,-4817.85927357979,-1772.09132098367,582.958107626007,1488.92131652788,1764.51648199977,34813.2648105612,1059.30876339981,4388.77244697884,3434.5221018849,2081.81138147432,330.516844082616,878.673357329128,4435.10532519955,-1301.29583212142,-12396.6304475334,-95.4092318841558,2793.63985505651,12770.7443676226,3461.77457758977,11636.1043142521,421.698919386588,122.110959254664,-36044.4858104332,-4997.14904775101,32630.6562907916,14845.7251555235,-1.91103420088621,2910.98586469688,61607.1987585201,8471.85456111321,-557.212243273476,-994.570828134078,1960.69064979879,-22334.8361548522,55.3388565540445,-1962.74183739867,-2819.17532160867,-281.789279142176,-12356.6955036254,799.748437453145,-1788.77095090104,-61664.5166747244,1721.73804004343,-18254.3588975432,-277.419562341696,-2513.66038128722,-179083.679391548,-1052.39714372622,4971.83883753224,574.855035935914,998.721863093444,444.754100975668,-3247.23346770794,718.291445659612,8131.1593780432,758.552757746344,2897.68616637832,-3733.05576521158,14159.4388391505,726.162019600033,-5395.82762742125,865.774541968189,-6.23690686529881,-8703.51376578675,815.922078553049,1201.83979385119,-2960.10086971264,2238.91020675564,3274.92170319974,-1342.22628148191,-4998.89874038748,4135.56755122311,1036.2880058697,-2612.19013426134,-2422.09750368123,272.521955802078,483.307145651699,-1809.45810779721,-268.148983828843,383.670652474757,1257.19538097592,10014.9335681245,4741.970361794,3825.48251471632,12244.1526154492,6734.68218668649,38.4229204634103,717.731449800318,3988.44137390899,-320.973934957496,-2367.73168389074,1317.47550890991,-2939.59279530372,-3111.15033464667,2420.35827617529,1814.52953490178,7253.65246584959,-1445.01780564526,1301.77716491218,-7191.94974685172,28216.0555679391,2572.59279313928,-2253.83095551114,-2881.90728699685,507.426625497144,557.62865559501,4016.17406766563,734.023669156755,-15930.5496237062,-4770.47765567001,-4365.42168119977,3073.6502460827,20.0977545757778,-1274.6986450187,-2133.33493909349,-100.910276274357,-4709.8739683311,-6269.69654427654,4211.60552241388,6194.09957634124,6194.09957634124,-51726.8554270924,-61746.6492933468,2777.61863203345,-60.3512217594543,-849.674256388687,-583.208349695134,-1504.71548141186,-942.959291446576,2330.97517316966,-8226.65677447343,-1481.87319698481,-1481.87319698481,305.567069325334,51219.1375115886,27048.2991366326,27365.0004553962,429.186018548811,2295.58505436233,2295.58505436233,-1776.43137784751,-1776.43137784751,-10303.1240194513,11341.4073108766,11341.4073108766,1507.67924370505,1507.67924370505,478.042485741738,-2115.7293732497,1541.5534938858,1165.07147793703,3199.52718302781,3199.52718302781,-814.823831507034,563.176896778212,563.176896778212,-884.897706132331,-15542.185814865,29058.1569887996,51219.1375115886,18783.1422204219,-884.897706132331,1165.81792821143,1165.81792821143,619.201300796296,170.122349078731,337.038524249936,-472.006506204054,-472.006506204054,-397.924360427824,-343.724077831801,-7751.88849032916,-7751.88849032916,-18766.5876172329,652.646716902422,652.646716902422,652.646716902422,-625.40869228699,-625.40869228699,-161.304180781721,475.825230663666,475.825230663666,2949.49596370079,3427.27604078029,-7450.81985347264,12075.1944309721,12075.1944309721,-13888.9978464496,-13030.9545272197,-16395.6571405638,-508.926646478787,337.038524249936,475.825230663666
8577.04162486765,-1038.02496118465,2851.41809862547,2301.55048993108,-15260.0038218914,-7367.09119812754,-29343.950649213,-2263.35356966109,1262.92985292911,-255.329787613729,-1734.36796251072,-3236.81622005726,-4869.14881085767,2463.01891741614,2722.7981275913,1398.06157300058,59.7954537714995,7150.92313924766,2070.5689589914,-1364.82053520111,7165.94515401113,3313.00010252073,1731.95550095246,-9476.96039744599,2141.93344484612,-3198.89691920378,2621.98740546367,1492.39833056822,1953.15247597983,-8640.11627268544,1651.96711129932,-9527.81189468832,5655.3039792857,8842.93106676789,691.563561900664,3704.31754895976,-86459.3976922131,-9948.32888889732,-34926.3894829714,7699.44150499454,-126.026690797582,-9825.10138742645,-3728.38782748059,9614.96790638955,2810.0027782539,1893.31284038925,2720.02658185471,-5885.92259984746,-1088.89040515409,496.087966684201,4760.76658759656,4104.06238649277,2314.15851545813,2271.59398615412,532.698165218724,91591.3017956216,17489.2162791674,-117741.388757522,-15392.111223718,1525.60560297332,7462.82148369891,-109606.804342603,1085.15251757606,1604.27945707202,-2341.07161676408,-5323.89066193457,-29240.4890378733,1586.46504990607,2377.90389387059,6901.70218564488,899.43342953713,3775.41955678513,69.8703414502343,-1201.83885590322,-41437.0654099633,-1214.89885777657,-8696.93272693612,634.283250487933,1928.28846506182,-38010.4822265091,-4337.07026453633,-3642.58202690548,5246.92659526088,717.720608831871,-9085.58101340689,-286.147294013288,-96.3077834505893,-12602.7808242008,-589.057229516451,12174.2653072651,43653.1345939036,-11696.3494878005,-481.723739043,-3055.83525604333,-1058.54659081989,-1802.17177885265,-761.649289696696,128.817640946363,910.192782015733,-3397.38791936028,-276.798951696335,-8108.25793666321,-3792.68006681043,-734.404058167427,1831.59408871012,-156.375307701361,-10233.0048598953,-8286.74407305344,1055.32282225618,-617.93505760591,-583.873583602755,298.7511954895,1694.14224633745,-202.169821378006,-28620.3808851618,3517.38476937859,-785.368755440912,7146.78854089088,1510.47590451833,-921.653248602466,80.0795593890653,-4023.43969277199,2855.19319826341,-6583.29535503776,-2521.67031862511,-1937.41947312772,-5193.47732849858,-5796.68026997302,-10230.4781100341,5102.2372998661,-81.0584882356015,3004.6289812969,1845.78988121805,6209.78678583034,6994.99438040149,-1106.44983197497,-6244.33863572527,-1031.44747704627,135.227534181991,-2872.56874234468,1320.43056918149,7809.47298632746,7762.12905459855,-2677.5824567129,6591.72317185384,2152.56166436429,-720.762496006428,4215.72705117935,1930.2083066729,958.53010132588,1275.97742620649,-222.088260894343,-5643.66432292832,-5643.66432292832,12280.4337896067,12611.0800296911,-3733.73418875056,4623.46941010712,-1793.32314985342,-252.473738569479,607.726650495122,-3555.33497134333,-3238.56006630928,8128.16971302169,-719.597670189878,-719.597670189878,-1520.23494224845,92631.9011308943,10259.5765939431,10484.4235705042,1781.86136356351,458.436793659654,458.436793659654,6399.99878244188,6399.99878244188,-26911.5331843406,3798.05548003031,3798.05548003031,1603.31576020346,1603.31576020346,-1576.66828771158,-1006.45784805473,-2161.75635842552,-32.1664535975942,3130.31559222019,3130.31559222019,1477.86469171301,1895.60850785309,1895.60850785309,261.364947848524,3879.37616958277,13135.5151602082,92631.9011308943,-30044.0675437726,261.364947848524,4515.34682730986,4515.34682730986,-571.881395436176,-31.5587506548818,1466.02967393347,-1243.74470083009,-1243.74470083009,-1048.53706062984,-2120.25658574596,-12261.7648191666,-12261.7648191666,-57409.4378590419,-2582.54504364527,-2582.54504364527,-2582.54504364527,-1792.9433612822,-1792.9433612822,-2929.64029890666,-1267.45350860597,-1267.45350860597,-30.846846453569,241.338698593223,10359.9635330818,8952.92529881612,8952.92529881612,3543.94368365611,3207.90123163455,12762.438018484,-173.943106543476,1466.02967393347,-1267.45350860597
2578.173364691,-4093.73910821034,9514.74508368495,207.281586606572,5775.62725291576,576.102736164583,35923.1749892187,11041.8285170739,6605.93493133668,1398.95331346781,353.916185885522,-1449.26368746813,7396.93031835667,785.992493867197,5310.7987675169,3174.79427962451,851.494817778799,-12084.3217182216,-1875.01878296646,1977.65275629977,829.149385413242,1323.13671247219,7709.55426786213,10649.8832616386,3609.26621161932,22617.0272152472,6298.89076405865,6732.11216108536,-812.621528363077,47784.2458582244,6245.49779037019,3603.30716232755,44883.7192422028,5693.29265281302,-556.895376361797,1102.21384224702,49078.6957744727,8916.1139778611,-24191.1540588158,-6732.21516736572,-1394.66313494711,3009.41957913034,4868.20691749437,-789.098219962478,18153.9455106028,388.764049807629,-276.045901328864,-2290.60201150965,2383.52477270052,4480.26863841928,4137.38968407878,621.135954460977,1327.88756276833,4110.47292742104,903.828140685953,199.344753420446,-7677.96746295822,62952.2018791822,21332.1484866152,1379.61832137134,-463.138639328332,49737.4217504574,8304.22044782719,-362.360641784398,1804.32890648802,2890.10346074738,33689.8938125989,-1168.26366581681,1916.84852995299,5317.30009135656,386.47546816706,2432.18171000328,2239.13725393542,-1053.32484835547,165677.576686856,539.334619055277,-1052.53614079737,3026.65954544379,798.028863071311,65349.0416869924,6167.66466504089,3162.49909903717,1651.19462733676,1767.62544747521,6879.62849125822,-3265.20123615834,555.268567827145,28472.7273339836,-94.7084355444749,-1277.01349408687,-15851.6436850759,27563.4535355074,442.549050104833,-180.120451870411,2420.08231821507,3689.19886596709,-6836.48259724268,401.886799319276,182.886113383256,2072.70991326681,2878.65339587579,6274.0348085367,-197.619314827502,4760.41284956069,-5344.53065556,-2717.7572071063,3622.80743719568,873.034694955451,961.254460636212,1380.93328838612,-3894.05218900901,568.375667288334,716.880831407587,332.299185713262,23814.9728042295,-2263.31039969617,7501.00854341697,-5934.9637507991,1904.31699426004,1183.398896371,1367.86916832207,1117.75152373144,161.344823110296,-5779.03204718426,-370.963875045607,5746.02655581636,-173.233078993213,2098.54949467875,-21149.1207346075,12741.5085018835,623.230132199213,-2707.97335968984,1682.05874566168,19876.4478548877,-6212.25579724259,2565.44000854629,8468.69276116337,-1237.19621206904,-1113.18487296318,5869.83200691389,1210.6096074719,969.1826327905,-848.756891743775,2748.26623240512,5450.43872331711,-713.885611787213,-1323.41006193535,2481.87363759779,556.948326334707,6570.37619352413,8746.36247001994,337.668765932322,1057.9886236438,1057.9886236438,-29791.4640235533,-33484.7835879521,3308.90210728602,6350.35119530556,819.372862386488,706.30828261313,1772.87092494671,-2199.73631651909,-2666.89870149769,8705.45328988932,1253.02377155411,1253.02377155411,556.004677977355,-57549.0986294756,-6765.59144542034,-9304.01374076953,658.680429520467,2509.68032944916,2509.68032944916,5271.56025425503,5271.56025425503,8052.57143057842,3251.50119790947,3251.50119790947,5716.01967594442,5716.01967594442,-245.698898128008,358.338368234909,-2205.74770352526,3070.38137375958,-182.553823918723,-182.553823918723,60.746778428067,-3472.42084052705,-3472.42084052705,-175.78533623401,-6354.58639919668,-8677.03184112359,-57549.0986294756,-5463.0169301714,-175.78533623401,-286.173743732757,-286.173743732757,-5908.30588372186,-67.7926085937997,-2711.71799617309,1568.08825003781,1568.08825003781,1321.97439185505,-1873.64757653292,10215.7235754528,10215.7235754528,3519.31802911387,3471.39226254078,3471.39226254078,3471.39226254078,-697.506845600823,-697.506845600823,-486.829596905634,-596.251933453656,-596.251933453656,-4615.49359516531,-4971.55233139866,-2674.76701119555,3417.93336236967,3417.93336236967,-10045.7022403908,-9598.31493528844,-10791.7918087623,-6157.35386770867,-2711.71799617309,-596.251933453656
5602.58989266912,-300.538002690213,12129.806389906,364.163595134065,6553.22291561474,-3717.48370968434,18597.8084318305,10315.3849791087,-2999.69450944256,1161.25997380635,-2742.68429978414,946.843523077252,3387.84335768549,-443.792940146923,2648.33308153589,-2634.4562004845,164.230649657189,2456.04071538756,1241.96879789735,-2194.26713193938,1496.9860877903,-2132.91373452256,14163.346524096,12711.5732336597,594.136897151882,10925.547783771,240.154235992319,-10912.2801187021,591.679747096889,-2602.79637044569,461.148467522493,2700.28967181101,-23068.1992407269,-21342.9219307677,-722.56607260559,-1821.83491550961,14549.0309921171,6103.66707799124,-16778.6082404075,-1885.77927868757,-3150.56390353273,-3919.91864582467,-114.689359030664,-15768.0244508294,13223.2152975632,1480.75816346172,-2784.28138770923,4846.08662103923,702.300073827988,-2564.58141011414,-5419.26090286288,-212.211008781174,-3274.37049308833,1998.46567732125,856.741640789114,2757.59145078668,-29684.6420688884,42091.6016925651,-20834.3435016718,931.269377342032,-10457.3421140474,-41544.2161932566,724.932348847462,-124.887454961634,5983.36979059444,7346.13163880688,28404.3956259227,299.846045888367,-808.334446855471,-704.542632870332,770.962231123856,13077.5627017037,1310.91371149195,-705.746482392698,259525.882257376,-59.3667217987786,-10150.3668294909,-35.5592519672136,2784.78850416505,46394.0775632447,3894.3925857541,1988.59856867515,2082.72513461211,-2150.47821122043,-1427.55332746745,-2420.60987883772,751.196079305479,-965.906923641451,-506.314218291052,105.535655334956,27024.8129301365,-2322.34761574923,55.1769368772548,-4813.56954934025,1358.15433598855,1256.53636630019,-4463.44200969428,28.7629290641562,186.680401713977,3133.68791190887,-1298.7535763774,-3943.53882060583,1899.04311614476,6935.16141519279,5763.28786685634,-1268.8484484449,4399.98806874633,-8003.31796965777,2178.26935083681,670.270980570589,-7482.6416922198,249.397207810889,2211.64363579298,822.480539751961,54312.4410573006,82.4776745446143,5390.26506767031,-18135.9554112396,-2003.06202341546,1395.49191150921,1530.81083683519,-8781.97244707777,-3727.65028378059,-9279.02183877776,-3615.22769250349,-1077.25012662762,1442.19598109776,5601.24675848593,-6072.99508029313,19377.968384437,3873.68484237716,-6689.18069630596,7743.00114243928,977.159810689336,-2324.01533510114,3480.20432638504,4960.40330123638,-890.773011072723,-2440.420247796,4861.1844379906,-1471.77990432144,35011.5648566376,-343.335431619445,-6613.5499991022,504.65325925262,1683.83071417831,-1156.64676218078,-4114.30460473496,-927.097794407811,1996.53150389646,2657.74556913552,757.49763776351,7582.57879258241,7582.57879258241,-40326.4707503377,-42104.8305014679,-3349.90816094971,-8776.38213301665,-781.400346292499,2.69961289155799,3169.02387669948,-1579.33943933307,-1711.55638810217,7047.00454559911,1603.72226742819,1603.72226742819,1313.11180552856,-81556.5358163799,-17292.8977434409,-13789.1924871172,-1435.69513000594,3856.05135961711,3856.05135961711,1895.01202152792,1895.01202152792,22068.7069017868,-7912.05599097541,-7912.05599097541,3197.84403855311,3197.84403855311,-2048.61938014172,896.910619702328,-691.746781242444,2774.37940933427,-1066.45582842967,-1066.45582842967,-1298.12985681156,1222.36730659599,1222.36730659599,2494.26739602462,-4673.31614861911,-9882.1474702073,-81556.5358163799,-23990.9915021902,2494.26739602462,-3192.51662951817,-3192.51662951817,-3880.04445873232,-381.211651114234,-1064.39534986304,-96.3360884152207,-96.3360884152207,-81.215991442692,-2157.4249191782,11018.0117857111,11018.0117857111,-31474.5386578616,1462.60942435034,1462.60942435034,1462.60942435034,-2048.77596318763,-2048.77596318763,2947.24490472442,-331.148762502788,-331.148762502788,-5437.30866477625,-6546.64036848467,14868.971456359,3818.41034585545,3818.41034585545,21050.8347682506,19646.7359295892,26541.0148880679,-3000.87304578292,-1064.39534986304,-331.148762502788
492.923772992886,7442.95731475923,-9451.56440001972,5005.85290233229,22492.7044946047,17921.1500280063,31157.6673371974,-10208.8810383853,-780.168823639338,-3225.1303508528,-5436.9683575037,-1272.82027558253,4317.97367297979,149.002244248331,-4585.37409789071,-1742.57493491659,865.20078594569,-2141.01738206754,1923.91429032075,3115.06517320831,-2261.64152784394,-1587.30935907668,-9174.09634353701,6550.17190808323,-2706.79442124,14385.5331070437,-7682.12387538134,-13721.6225343712,-1439.69721144626,-14370.4207934901,-4692.35020716996,-4274.01925339433,-25967.4415395021,3255.21707357431,-346.000169229043,-7254.67041568663,9779.96867126226,4365.57846732636,32992.1762545852,-4639.98500212534,-2126.31923580131,3158.06644656889,1689.80642361832,-2140.49675532824,-10535.1120036102,-792.76395186779,-6933.50625755485,2547.78750966198,-633.115898314822,-4073.29942507139,-14913.8115922351,-1871.51209364657,-5637.01151861581,-3622.97928285891,3301.43102838584,-72259.3649259427,-18984.425339988,111145.785868038,4541.47085552511,-826.749229684556,-11174.9796760133,117735.476227573,-2249.00980821322,-422.304454823719,-1298.58781767255,11873.8126788882,65175.7934096847,1060.04645122953,-3633.31895003579,-5661.86010331511,-1504.63542742273,4374.03803335672,21.2881990307978,397.949463383278,58516.5244456951,132.998314591165,10719.5006810823,1495.98326988007,649.678102999198,77878.4803541813,3309.57304707833,-2952.29647245122,-2683.18743117519,-1568.20939286738,448.735690476329,5498.81681398051,-449.251793130188,1292.96191319445,-433.723462891852,-6839.22221608095,-17146.7890838153,31775.5066093317,-1354.49257933508,1924.21403370681,1873.59525035531,-1207.23941050045,-355.622403031288,-2929.59775624269,-1223.92679733289,-1269.5876256237,-2321.89816437845,1399.18613566003,2727.85497774072,2997.84111083669,6179.76272359266,-1670.51327158889,-1545.62924236577,8422.38391532344,-510.478175448901,-219.625223726511,4437.73607579507,-713.357675640489,-2676.71416201444,-2496.68783108849,14000.0781020311,-6511.42543644107,-9498.74740014701,-19380.4666081528,-3394.19266397458,322.823988344489,-2052.96365021577,-927.191653055561,-5365.85629299874,6354.12895060926,-662.331387917162,1444.10961073143,2813.35935723912,4638.17692279875,2959.6730138899,2198.17492132401,-237.043182556132,-3257.55756604388,1209.77281116628,-36886.1035333546,-4532.47033831911,-859.307581616544,8130.97435771702,19.5442470020789,-1132.02403990362,-5244.24482404326,222.897915251022,-1472.64309561852,-8757.95512265699,2842.33308136065,-3860.30960281417,-1883.27287410133,2163.37971636973,-3355.56210390368,-1823.80872535925,2181.89634916567,2904.49980027399,1149.1964713388,-8861.29067019628,-8861.29067019628,-7480.8859048388,-3148.32859583898,-23.2363614230489,-5059.97658246011,5330.35813232143,447.151888930781,-846.871941753268,777.260161693055,-270.978000464063,-1923.63749289032,-513.810008014845,-513.810008014845,1274.13689701744,29855.7937584528,-13728.2430203883,-14487.3498349132,-3985.05924969941,-5578.83495360219,-5578.83495360219,-4221.45684554361,-4221.45684554361,10154.1117070706,-19322.849594925,-19322.849594925,-4133.54809137547,-4133.54809137547,3906.14913903477,420.786175729001,356.325328659317,-213.689332759168,-3431.05302527754,-3431.05302527754,-2732.54754951531,-1516.17491065474,-1516.17491065474,-120.814379964002,3117.36610268601,-23813.1395990581,29855.7937584528,-16331.8609473477,-120.814379964002,-4158.89177698977,-4158.89177698977,-9000.04597771695,-1598.7761435992,-1223.09833097633,-2331.01523418304,-2331.01523418304,-1965.15881458823,-1072.17772322434,13970.3538121873,13970.3538121873,-12392.5467375907,-1834.26910899258,-1834.26910899258,-1834.26910899258,11031.8511402321,11031.8511402321,-1896.49394869513,-601.423319537234,-601.423319537234,4406.91348688233,3984.63255978536,-10263.9161057293,-13154.7060063629,-13154.7060063629,16041.3107582057,15841.1572316611,9457.87342543967,-6931.40451946785,-1223.09833097633,-601.423319537234
-1252.13879298343,-1087.8389797039,-3397.78198096018,-5691.23503443849,13720.6972711569,6580.52512389934,6261.20968104978,-5247.14809492658,-10612.3316731383,-2143.11484264704,-1711.24693739294,-2947.98280327852,-657.355242005033,-4926.90682272759,-1450.60971186275,-1750.27427166831,-931.993495569721,-642.999547314335,-650.387446942535,282.395787479069,-1231.98876373246,-1192.9201692761,-3293.82112314987,9039.69656283502,3456.17151916423,-1182.13062989246,-8156.46522333179,5988.78185292555,-1600.5892708335,-40521.3522479011,-6030.98510916281,-10210.7387886589,-58508.8514585317,-17035.7602183144,158.072934150758,-1952.27713203273,116971.326086776,24095.7526750192,-2627.78425930196,-2558.95733292509,-2500.35658721956,8132.49953372744,536.489506571867,-1672.20686010145,-19768.4100250357,-2247.91914654009,-2562.11410653255,-4891.78073399034,-186.345327784878,-2195.01333079429,6118.13884755922,-5838.54548066454,-3974.73314633963,-437.628648595688,2750.35018539985,-56271.0127000116,-20743.3103240286,118817.392566353,-24601.2921968797,-1183.13804549114,-2447.03063084724,132751.097379399,-8502.13601534455,-252.825305643812,9599.64888883644,1514.50315486637,34976.4194280151,-1130.55442024061,-2498.12274077163,-1526.79097539811,4513.98244619514,-3575.62097369561,-2481.66077367658,1010.61925184047,37868.7068253418,470.16339002689,6115.65450245242,498.762986763635,-2136.49569923812,134809.957730509,-1426.71564941233,-4963.63726235877,1599.92086211591,493.167587364733,2866.8360429821,-675.470400321421,220.529062701498,-14853.5584974455,-952.595892464171,-3250.84336084774,-27026.1821883075,22833.7988317537,2346.89710666876,2138.77439104644,954.444044427823,54.2564238503655,4225.21118495692,-3337.78470621933,-2078.33959902623,-535.415380608036,-2263.7408177841,-4889.04489709451,-828.817865827456,1171.98021440607,771.439657758776,-397.923991797164,8000.33100960545,4754.51791233456,-922.813976805366,834.529446377377,124.699789322109,567.889252389677,-813.008790580967,-1505.07779220089,23609.6928938968,-9671.04171985277,-2864.45152255864,-17501.5520614113,2872.81744908058,-987.338834549733,-1091.28321442581,-2915.53436858166,1595.4063773043,-1764.2889275032,-2152.47186256261,2171.41150946315,3491.77013532033,3158.40547408722,-1452.94201288477,-20241.1216878537,-2115.25979279412,-58.4353357411674,2187.75823301585,-19048.4144031201,-4996.59933536257,874.305758282433,3077.21745189503,-1014.04159447984,1593.67810410435,2621.40874612638,-2683.42633520759,2481.25497371773,-1617.35561102466,-1277.23248103837,-1042.31195880916,-9.50472318175525,2067.53810512598,-5274.11731915469,-5244.94368807965,-3097.98326684191,-4123.97765055858,-1597.48496311572,9134.54154339467,9134.54154339467,-79501.0882689587,-85916.1107185588,170.545297908589,-2442.17332459101,1242.44456941796,411.646649982536,-176.951090369766,4683.2005407036,5121.65689751755,-6840.66945524211,-466.980920094746,-466.980920094746,450.157768334757,-51210.222606916,-6725.87231679814,-7205.03035575227,-1069.3640351644,-805.090527137974,-805.090527137974,-5858.06863530604,-5858.06863530604,3474.11677155818,-9140.55809509347,-9140.55809509347,-7746.90168935004,-7746.90168935004,2568.47799971003,-14.2955378401239,-659.57275128633,-3086.35271345129,-5189.71612637388,-5189.71612637388,-2022.27332382823,-594.331542210257,-594.331542210257,-644.121426388578,-8378.37930276466,-13108.6449031853,-51210.222606916,-14783.0241906132,-644.121426388578,-4253.37645800807,-4253.37645800807,891.501838873854,-1763.945125971,292.515193467632,1001.20583475232,1001.20583475232,844.065041930247,-908.971645995043,7075.0883304274,7075.0883304274,10991.9873570609,335.778471914546,335.778471914546,335.778471914546,1695.63954995934,1695.63954995934,-2694.95223468425,971.567514089189,971.567514089189,-4722.41912053157,-4647.71130182854,-13473.1514483494,-14408.1087223278,-14408.1087223278,7342.47416976711,7651.02240002611,2552.97963225385,-197.59391698354,292.515193467632,971.567514089189
-9976.79897106744,2640.03816778323,-6970.82368475189,-4493.38616718665,-13905.0574597928,-4216.49945845024,-40897.2491205489,-18080.302012712,1405.67139382733,-2128.42334638447,4542.09273591139,1861.4928671259,-5857.34837072565,-3738.62969788725,-5872.59764415544,-4014.26310288793,-1197.25069312894,-6710.07210474042,-1802.33877834387,1363.26548958758,-1918.6744411815,-677.509773053767,-6957.46347552443,-26020.7626780665,-4637.55443146756,-39087.5742845387,-19332.37925353,80.2725467653363,-471.244700806346,-9872.63583472511,-5699.15238579313,-6373.40253604023,-16852.2371739753,15797.7711114541,-1336.22254046179,-2038.90962159113,-94109.8165268649,-29446.986034722,34151.5152970921,4675.63174928793,8666.69369255742,3347.73798049244,-3036.99402094497,4757.60825687575,-10156.485679191,876.359327984821,3223.45806475336,4403.38536772935,-1119.65213219062,-783.457697174388,-9333.4018936322,3115.66664091236,1997.58060731371,-8814.45803456012,-2085.56593469639,-25258.9672834498,7751.66311794176,-117877.283954406,8699.76625679748,-2246.53684457771,7985.55963727733,-208258.309111088,-8455.88097523226,314.590949539543,-13188.6576786139,-6050.60328959748,-82884.337785601,-385.468135445713,-2308.97951069142,-2550.91635822278,-3238.32181079772,-14073.5312483358,-3650.19426951219,561.932299268277,-301287.181660205,-1459.33834939803,1008.29750497306,-4653.10105707033,943.975191339778,-91048.1046237975,-6958.7839907601,-3939.90870419993,-6334.81079418882,3123.20318400068,-8464.86642323522,4198.35658139372,-2638.16573486463,-15971.192239295,2064.0172298752,-6797.4831621787,-9306.20508904615,-60084.6659462536,-1720.32276716582,6468.26857188865,-1473.40288495786,11.8490399033653,7650.08853104703,4891.77689545895,-835.604450510633,-937.71306976262,-269.336574707537,-2488.34701746516,-747.479729747,-11412.469283328,-9235.33008227033,2035.04120398172,-2819.27419901511,19297.928984228,-823.426453039123,-2162.23813924911,-1454.6523414954,1067.44269994633,-1120.18587936181,403.039972845105,-30973.4900343647,3962.75722009463,-2663.39572920576,20214.8667962373,-2260.79735419364,17.5965648733891,-1689.0946183389,3703.35922724511,-1340.56552659148,11916.328077261,5588.34806543504,-6811.93809679302,-913.96854052199,803.615631397523,22382.5454648829,435.977101126919,1397.48956603183,-3213.43768064089,-8022.60100769891,-1533.29529946813,3586.87976797319,186.762603559066,-8527.38666960182,3389.98132942612,3846.98844972485,-7182.5304257133,-1843.30531392567,-26726.108588746,-1564.84061083244,7167.19595569032,-8109.36366882818,-2583.27308890467,-497.003692246559,5799.57770958017,-651.381536858731,-4749.94622221902,-6323.03998263848,-1229.26599076586,-9017.16952462796,-9017.16952462796,78174.2608457387,82467.49275239,4707.70143529897,2712.34049074622,-5081.07304289809,1306.41507580183,-2949.15003896609,756.048114325247,590.483882387882,-4172.71414701579,-1144.27075525472,-1144.27075525472,-2521.21591412619,86099.3755979046,-1337.01986020268,-1103.40848311916,2621.83325634263,-1972.5682099908,-1972.5682099908,1055.08621884251,1055.08621884251,-2848.4029563099,-95.2568176190252,-95.2568176190252,2206.90476520167,2206.90476520167,2162.43868011958,30.1812369023537,1318.81320365454,-3011.36972832105,3208.58524271811,3208.58524271811,890.435555067234,-195.944767594789,-195.944767594789,-501.667791970343,15022.7103922933,21741.1152843696,86099.3755979046,60215.1217022415,-501.667791970343,4195.74979255739,4195.74979255739,20695.6041433006,710.296385863245,-537.374291573091,2693.51323776504,2693.51323776504,2270.76219999878,2127.50246037922,-5604.51880394485,-5604.51880394485,51506.1125309145,-2610.23585797039,-2610.23585797039,-2610.23585797039,-4237.02730186982,-4237.02730186982,-2625.61894834562,121.086290501655,121.086290501655,5679.34788271185,5548.06309235331,-6336.18222505743,-6654.69207372556,-6654.69207372556,-17731.5272123694,-15350.7188149817,-14796.6160874527,17560.0174438656,-537.374291573091,121.086290501655
-4276.63853379368,-13209.7432892404,116.400869244171,-2084.08837644954,-19288.6917001038,-11410.0950807123,-13906.366895474,6940.93897866699,-953.688496091316,-318.252434865222,3654.35531128811,-532.212180875642,-3953.99789762807,5200.40140505808,1308.9897489208,-1214.34968953658,-521.628762921957,4579.76004084933,-2873.14599599275,-3464.53746258988,-516.557726190207,520.036700441378,-1610.85103989251,-16694.8575227572,-484.172023343883,-32752.7372013488,-13023.459761228,7241.13997859613,-470.095361218635,10276.2408097281,1377.68118866038,2216.95901828154,742.307065884757,-3590.58702836721,-414.117723510233,8051.94433837105,31556.6398505755,-2838.18287909354,-9928.44080835511,-2509.60462319208,2759.85290232945,874.914036070448,-1763.4653316721,-2263.10072582078,-3036.93856271991,-2594.51865954019,5008.6179072121,3344.30687141302,-24.9573114122559,1371.82216194155,2651.34410534901,-2006.12317407343,1421.39102945205,1977.50482549894,-1176.33048383435,28591.8918213552,9602.83722913713,-50130.5082701402,-36149.4940839912,-177.7597728947,3261.03777160522,-166910.88436727,3133.74962762906,2228.4657225356,4383.58743862077,-5210.37072747646,-30212.2609699762,-538.723927482337,2052.31108265826,-1946.57649715323,-5549.22622952819,-6440.72153953661,386.802719738433,-705.307635811778,-81084.9548411402,-249.778557182733,2854.29237178084,-1407.91130402711,-1487.40261267368,-28557.0984979783,-5365.43712188212,3544.83440069899,-1218.42171842038,910.482904145698,-1130.04908235022,-2006.0482734661,-278.798173166811,-4022.3483409491,74.0304048348698,1805.82911598495,-15165.5779006347,-19382.0027056296,-189.212607335023,1564.53970762842,951.984996159968,1232.54993491935,-992.397161560599,-2325.45718943307,-67.1956090230451,-391.447754872588,392.574105423533,-334.642789507809,-396.325864228766,-3823.7285731824,-5309.3838208611,2798.62207556515,-3401.56776991089,7970.18556364914,-1286.73665385634,-158.238214636654,7297.34664036791,-1186.34069944311,-1894.72371243556,-269.189554509028,-21662.9719170654,2423.10007060975,-1404.32980233303,15081.222437638,-1739.94776652902,-1186.54245603556,1868.42541274019,2492.4283055939,4306.7123960633,4678.96725197868,318.171616890031,-1011.57510731327,1108.20789109093,-4557.93069522305,11879.2648150896,-12206.7299856776,-2584.24853184219,1268.52275843285,778.839725346792,5358.98762151113,1819.29342688333,-1966.3784648638,-6788.307767459,80.0243682015334,1460.95345968661,-4352.73554969202,2522.46295901536,-8506.41337238884,2026.52822344743,2062.3577154518,-4113.68501597959,202.765336774602,450.730409747688,81.0638431453044,1329.42103252855,1155.55004381896,1538.24670578974,-1066.07859500119,-3330.73767508426,-3330.73767508426,2715.08938185778,3053.56570028886,2430.09518100986,-1870.39941593513,-1118.11618487763,-1378.91711193113,-499.503121577189,1509.81909172957,1694.14229933167,-554.277451506088,454.219658663,454.219658663,-1307.74778084573,22970.030972549,15758.1822675004,13714.5308408071,-448.637909522,211.779397017737,211.779397017737,-778.933686008189,-778.933686008189,-15294.2742619336,160.702890135697,160.702890135697,438.854023862266,438.854023862266,2232.04745339377,-227.689765452833,138.336088052187,-3658.91305981481,381.505383724576,381.505383724576,1351.57652297043,-430.645346738034,-430.645346738034,-639.565172829742,-1505.52781537379,11969.5372642379,22970.030972549,2878.74656936969,-639.565172829742,1148.98488206479,1148.98488206479,1378.2267019726,1212.99617046324,721.945422858509,369.28624453032,369.28624453032,311.326201520647,1152.88986994093,-9313.80812345287,-9313.80812345287,12663.4360015801,-3380.08658158171,-3380.08658158171,-3380.08658158171,-4682.73545880911,-4682.73545880911,-1309.22608753349,496.80747152949,496.80747152949,56.8809493678418,144.200096852604,9136.60004750462,11812.8695754219,11812.8695754219,-7573.86861372691,-8791.91264271045,-7246.03377021356,779.387928365533,721.945422858509,496.80747152949
