"Phosphosite","main_gene","Protein_names","WT pVal","CKO pVal","WT Relative Amplitude","CKO Relative Amplitude","amplification","logamp"
"A0A0R4J0X8_S340___1","Arhgef7","Rho guanine nucleotide exchange factor 7",0.0092412068115744,0.0342496971548685,0.385092949781252,0.364731744663959,0.947126518081261,-0.0235920036424372
"A0A1B0GS91_S1098___1","Svil","Supervillin",0.0296254077020774,0.00129719689501329,0.413244292477297,0.319261317543572,0.772572842155132,-0.112060562447304
"B2RRE0_S598___1","Akap12","A-kinase anchor protein 12",0.000646887489518442,0.00377103023697231,0.211918245878923,0.264357389246303,1.24744987459617,0.0960231036953087
"Q922J3_S1317___1","Clip1","CAP-Gly domain-containing linker protein 1",0.0491728890752715,0.00899880006218501,0.106794785070294,0.20643455598237,1.93300221397975,0.286232351451542
"E9PX30_S433___1","Map4k5","Mitogen-activated protein kinase kinase kinase kinase;Mitogen-activated protein kinase kinase kinase kinase 5",0.020132064656167,0.0351133739760181,0.230047628266765,0.159472368665695,0.693214574161006,-0.159132315243799
"F7DBB3_S228___1","Ahnak2","",0.000135408062283529,0.00851225497428113,0.444434020281935,0.499759879005397,1.12448610187034,0.0509540921253014
"E9Q616_S2566___1","Ahnak","",0.0183018769601519,0.0402295348549664,0.297576092196072,0.267358017712548,0.898452613378586,-0.0465048237201715
"E9Q616_S1321___1","Ahnak","",0.00183578930785547,0.0141986593605764,0.224630076388822,0.205770035670012,0.916039557026352,-0.0380857719354973
"E9Q632_S681___1","Reps1","RalBP1-associated Eps domain-containing protein 1",0.00184005745297909,0.0218397174661301,0.205023204855806,0.180669439557163,0.881214590730005,-0.0549183206212837
"Q5SWZ5_S292___1","Mprip","Myosin phosphatase Rho-interacting protein",0.020132064656167,0.0293634927223634,0.211817918258791,0.220854115779016,1.04266021304763,0.018142801580094
"F7DBB3_S843___1","Ahnak2","",0.0427785880906672,0.0068489271824314,0.344056979491699,0.339755463757973,0.987497664659845,-0.00546392276635472
"G3X9V2_S252___1","Ctnnd1","Catenin delta-1",0.00924961567214477,0.0195177169789697,0.26112079408872,0.383290740457584,1.46786755070665,0.166686869890452
"H3BL37_S1339___1","Tcof1","Treacle protein",0.0491309417340908,0.0192534415183942,0.24975477243213,0.218833215304349,0.876192327271008,-0.0574005542147394
"H7BX95_S199___1","Srsf1","Serine/arginine-rich splicing factor 1",0.0342496971548685,0.0486016431266704,0.226395158114368,0.208779265334902,0.92218962222431,-0.035179769381929
"P26645_S163___1","Marcks","Myristoylated alanine-rich C-kinase substrate",0.0176600000954791,0.0197703986499433,0.317743031264148,0.210958916506891,0.663929325743467,-0.177878148151865
"P58871_S429___1","Tnks1bp1","182 kDa tankyrase-1-binding protein",0.0303785489274348,0.0181228654291147,0.275948289290737,0.221043716909802,0.801033111957118,-0.0963495313027284
"P58871_S1131___1","Tnks1bp1","182 kDa tankyrase-1-binding protein",0.045541339617596,0.0237070330685355,0.223965720178501,0.157493206187034,0.703202284981432,-0.152919726738017
"Q3TWW8_S45___1","Srsf6","Serine/arginine-rich splicing factor 6",0.0203195763902195,0.00183159183363103,0.149070948387107,0.511133087747191,3.42879074210947,0.535140981084536
"Q3UDE2_S11___1","Ttll12","Tubulin--tyrosine ligase-like protein 12",0.0231815048497708,0.00268266249127061,0.189109773863235,0.33822490548238,1.7885109720822,0.252491608784759
"Q8BFU6_S269___1","Tmem45a","Transmembrane protein 45A",0.0463630096995417,0.0413986336361295,0.190141740751624,0.270707685884265,1.42371519695868,0.153423120789676
"Q91V89_S565___1","Ppp2r5d","",0.0444918511453964,0.0186218590194369,0.269205895433913,0.319146973322045,1.1855125713634,0.0739061636662165
"Q8CIN4_S141___1","Pak2","Serine/threonine-protein kinase PAK 2;PAK-2p27;PAK-2p34",0.0204313156566051,0.0431899996954131,0.210386392651052,0.339309888860956,1.61279389120825,0.207578869788017
"Q8N7N5_S124___1","Dcaf8","DDB1- and CUL4-associated factor 8",0.0237070330685355,0.0181228654291147,0.164164837375863,0.588464852222695,3.58459741823627,0.554440387659016
"Q9DBR7_S507___1","Ppp1r12a","Protein phosphatase 1 regulatory subunit 12A",0.0435531303238119,0.000421269527104311,0.366088378494585,0.241340344315564,0.659240660159699,-0.1809560143898
"Q9DBR7_S994___1","Ppp1r12a","Protein phosphatase 1 regulatory subunit 12A",0.0123399999129752,0.024696328548173,0.292362057817624,0.312492543080864,1.06885464349754,0.0289186483152554
"Q9DBR7_S666___1","Ppp1r12a","Protein phosphatase 1 regulatory subunit 12A",0.0419559997041156,0.00570065779395006,0.330415657372093,0.38035410422848,1.15113825795534,0.0611274878879101
"F8VPU2_T24___1","Farp1","FERM, RhoGEF and pleckstrin domain-containing protein 1",0.000389121307828349,0.023027687578965,0.224469362024062,0.187814929992357,0.836706302805922,-0.0774269595149179
"E9Q4Q2_S80___2","Sf1","Splicing factor 1",0.0100098705053096,0.0125399333596522,0.160720476240781,0.328315284942889,2.04277197667725,0.310219891450042
"E9Q4Q2_S82___2","Sf1","Splicing factor 1",0.00767027011538955,0.00631669303620316,0.158070186695379,0.335023447148608,2.11946005855133,0.326225236655973
"E9Q5K9_S146___2","Ythdc1","YTH domain-containing protein 1",0.00949010107459948,0.0309712590721756,0.27513839144675,1.0109707697655,3.67440822943519,0.565187405084124
"G5E829_S1155___2","Atp2b1","Plasma membrane calcium-transporting ATPase 1",0.029283003136243,0.0095579361945496,0.415034799442998,0.283734598808317,0.683640502408728,-0.165172215331723
"Q05CL8_S256___2","Larp7","La-related protein 7",0.0105066298236292,0.000214196041526354,0.136744614272331,0.208028199013158,1.52128988860112,0.18221197869728
"Q3UH59_S1989___2","Myh10","Myosin-10",1.0861967989442e-05,0.00031684638118738,0.254557145527081,0.259697236451274,1.0201922869364,0.00868203576679731
"Q3UH59_S1993___2","Myh10","Myosin-10",0.000193467392346384,0.000605152812775316,0.273992448815887,0.248744938753561,0.90785326321423,-0.0419843410451995
"H7BX26_S1229___3","Cep170","Centrosomal protein of 170 kDa",0.0431899996954131,0.0129418186835413,0.268866346142257,0.253591982663103,0.943189753205214,-0.0254009260539827
"Q63918_S288___3","Sdpr","Serum deprivation-response protein",0.0142351516118992,0.00519765857683682,0.28566719213271,0.383027886534028,1.34081860669561,0.12737002808301
"Q63918_S296___3","Sdpr","Serum deprivation-response protein",0.0142351516118992,0.00519765857683682,0.28566719213271,0.383027886534028,1.34081860669561,0.12737002808301
"Q8R409_S234___3","Hexim1","Protein HEXIM1",0.0463072878477425,0.0254929843077914,0.38396579593071,0.339714195947213,0.884751192808115,-0.053178843180831
"Q8R409_S249___3","Hexim1","Protein HEXIM1",0.0463072878477425,0.0254929843077914,0.38396579593071,0.339714195947213,0.884751192808115,-0.053178843180831
"H7BX26_T1230___3","Cep170","Centrosomal protein of 170 kDa",0.0431899996954131,0.0129418186835413,0.268866346142257,0.253591982663103,0.943189753205214,-0.0254009260539827
"Q8R409_T233___3","Hexim1","Protein HEXIM1",0.0463072878477425,0.0254929843077914,0.38396579593071,0.339714195947213,0.884751192808115,-0.053178843180831
