"Phosphosite_proteins","Phosphosite_genes","Phosphosite_gene_names","Protein_names","Main_sequence","WT_pVal","CKO_pVal","WT_Relative_amplitude","CKO_Relative_amplitude","WT_phase","CKO_phase","WT 1","WT 2","WT 3","WT 4","WT 5","WT 6","WT 7","WT 8","WT 9","WT 10","WT 11","WT 12","WT 13","WT 14","WT 15","WT 16","WT 17","WT 18","WT 19","WT 20","WT 21","WT 22","WT 23","WT 24","CKO 1","CKO 2","CKO 3","CKO 4","CKO 5","CKO 6","CKO 7","CKO 8","CKO 9","CKO 10","CKO 11","CKO 12","CKO 13","CKO 14","CKO 15","CKO 16","CKO 17","CKO 18","CKO 19","CKO 20","CKO 21","CKO 22","CKO 23","CKO 24"
"A0A0R4J0X8_S340___1","ARHGEF7_S340___1","Arhgef7","Rho guanine nucleotide exchange factor 7","LFPNLLLMLSASPRMSGFIYQGKLPTTGMTI",0.0092412068115744,0.0342496971548685,0.385092949781252,0.364731744663959,6,21,146046.395475861,172912.824688583,141420.876810682,147369.995782087,148667.965462618,145045.015125868,149855.159671059,142510.356909056,144124.626262004,161445.858731709,131008.103402102,120904.639264571,140723.903004475,127622.032957246,153760.0266708,154708.77492862,179197.97693086,169769.368327335,138315.559547796,131905.851051041,136163.201225193,165687.093185915,182028.813143023,168607.851426941,66314.968783068,80449.9274885996,78108.4980302943,80957.8633238867,84351.6603089052,84147.9562164074,91789.0643107742,82714.6876501529,80400.5650662336,92213.7741485719,78424.3829352896,85803.6929880095,92914.6252248792,90011.0403538076,101350.318323289,92627.2710070731,91974.0651914847,105148.836664772,80840.7585497827,108154.523444166,95592.2062794107,154915.038906791,106992.368826459,109760.62706037
"A0A1B0GS91_S1098___1","SVIL_S1098___1","Svil","Supervillin","ASEENTDVETVMRKFSLKEFGETTSEQTEVA",0.0296254077020774,0.00129719689501329,0.413244292477297,0.319261317543572,21,24,130214.787611111,149352.910996804,140653.941583067,138869.720394538,152542.900306743,166540.247215073,159248.034709018,157933.784490272,172721.253292526,169430.085179596,174862.373283954,144696.606851571,138605.648670058,137796.928176009,188422.036818595,170288.425832367,181623.407643146,161726.29073513,126307.460200563,146308.884104094,141521.350201899,152128.974456393,177481.992873516,166760.119751177,179930.071328431,217897.01863764,170136.56973449,200091.453677337,182303.640772631,207299.650285142,204150.150380711,218344.976226908,215092.953384961,196325.628460421,197609.405845804,192281.502919372,187381.230094893,174827.182852329,230403.330712086,234155.340507148,241425.720059587,228054.238445446,201960.196637725,211821.673242638,175072.710711866,218958.129179291,244981.48602331,253908.267232115
"B2RRE0_S598___1","AKAP12_S598___1","Akap12","A-kinase anchor protein 12","TSDGEKKREGITPWASFKKMVTPKKRVRRPS",0.000646887489518442,0.00377103023697231,0.211918245878923,0.264357389246303,21,18,67130.2231464013,85524.6425232348,59304.1852933754,72503.8489858893,75424.9795040964,76651.6029070761,73100.4488214594,75159.906233372,63541.7962216669,70714.9152169967,60436.5136485382,60436.3838943638,65408.3851710595,61121.8036313335,73699.8838861233,69590.3270366212,71696.5036778131,66414.3263992929,62471.0288733837,64173.5642292309,66625.5060021772,67999.873020869,75555.450762611,72748.1892898484,41533.5170163093,47010.644968113,40693.0665266739,46384.4912813455,49837.5712984702,51136.2769580744,48053.2310258802,44707.4372497959,52380.9573368349,46448.720597308,46687.4875158078,47659.4838425638,48633.6212689275,48460.2254256797,52313.326875185,54333.8934361342,46720.7283414089,48288.6686358191,42351.4672463579,50303.8268430987,43570.1374649952,54071.6662556231,53746.6016007563,49442.1147442127
"Q922J3_S1317___1","CLIP1_S1317___1","Clip1","CAP-Gly domain-containing linker protein 1","EAALNGNGEDLNSYDSDDQEKQSKKKPRLFC",0.0491728890752715,0.00899880006218501,0.106794785070294,0.20643455598237,24,24,78269.6046375808,74275.7305767246,79604.1681569735,73630.020536243,78809.4032234898,77723.9582969327,75851.5940769203,81375.9576011887,73938.4746159798,75075.0071130803,75933.8864992235,74451.0682927905,75526.8619593832,78101.8674830771,73816.3526270854,76888.1301737496,78374.2328008312,75930.8468851242,75236.4486572943,74351.5624890489,77356.3916865824,79108.0743217242,80717.0908586493,79447.3851052468,60239.1354338289,60276.603515985,60295.7683563316,64047.892012858,62801.3826608231,63061.6802724898,59852.3662663321,63251.2518421819,63951.7013003728,57525.6502950207,62601.4234743157,64216.82353226,65785.5478176668,59740.7114567389,69399.2833255217,70930.3001724507,66687.101311876,58884.6059378537,62910.5782274929,66963.3886667987,65046.0004914157,76340.250605205,71235.9896877995,71436.1502634285
"E9PX30_S433___1","MAP4K5_S433___1","Map4k5","Mitogen-activated protein kinase kinase kinase kinase;Mitogen-activated protein kinase kinase kinase kinase 5","CPDLEARAPQVLRRQSSPSCVPVAETSSSIG",0.020132064656167,0.0351133739760181,0.230047628266765,0.159472368665695,21,24,78604.379564988,85682.6998140135,78886.0071657384,82459.2020335313,91038.3098869006,91299.1128411985,91117.6673971018,94232.4332335603,83142.1908993426,95781.8847965759,88643.9755421553,95255.354238353,88078.936996609,93248.0630283777,97042.9247358099,102373.985469567,80708.9284710972,85569.219906782,82513.1743031615,86065.7723441147,83363.7529123551,85028.2863304017,92751.5380063098,89500.6583875071,87573.7150916247,97340.8482877574,88638.4780897759,95883.5206055784,91942.3948722445,97575.9027197965,90214.5294771332,101052.226478364,85461.0119209681,92974.6620530769,88966.151808331,89206.3878617769,89443.9481733779,92089.3137460866,92226.3821456962,90188.8761996589,100882.929911991,99684.2123898002,89426.8511230358,94893.9091421556,89369.6778059296,96872.4559479445,96988.6571096282,99841.6125942612
"F7DBB3_S228___1","AHNAK2_S228___1","Ahnak2","","AGAGLKGHLPKVQMPSLKMPKVDLKGPHVDL",0.000135408062283529,0.00851225497428113,0.444434020281935,0.499759879005397,24,3,80302.2603803693,81766.7043882549,67476.7835422313,62899.8760153278,73664.7153135058,75778.6666906265,75834.7765133162,74316.424232897,73581.7237796147,75611.8905827535,60583.034618532,67223.3086535383,72821.5288607992,62838.9289069218,76066.1064011031,76926.3867311583,71315.2205381571,73113.1102253824,46614.2393840237,54080.6058647093,58461.6565270419,71115.4152704007,82347.3145945671,76398.6631550039,157267.505737894,108510.273966523,123242.699896479,91537.7456113325,137469.863239584,99938.1132305185,143915.739495565,98892.7020181146,139184.961366819,132949.791985342,109198.589275551,114766.802962914,120118.278751895,111077.815060814,143977.94691994,147961.930750291,147620.559759926,146314.000331409,90105.5198825483,110233.042796421,112990.039768573,103386.828483729,145560.672815902,131135.955671112
"E9Q616_S2566___1","AHNAK_S2566___1","Ahnak","","PKFKMPEMNIKAPKISMPDIDLNLKGPKVKG",0.0183018769601519,0.0402295348549664,0.297576092196072,0.267358017712548,21,24,162193.93088926,151616.462776514,177809.087533969,174833.28990524,167865.123023476,176188.171789359,173230.34539489,167386.303450609,172341.796133285,170634.264908278,168281.629392688,169967.526510693,164037.816925346,172314.840544653,191886.052252148,180042.287657942,183208.740947515,178041.052214859,147756.27360658,154496.389178997,162483.182440222,239762.865002377,190067.483268682,209772.152862338,234125.343154728,236268.72034897,230291.528714628,239682.409395067,237962.318569835,244850.126338469,269630.56954693,256875.019501678,271936.417375525,273433.136271217,250348.518872487,262977.898078668,275422.40997313,241140.738282596,312209.255078995,308253.767462582,303223.219221387,304485.654418754,259865.350460079,277624.859541973,261766.207843752,301375.068600152,318049.847938037,343155.534025976
"E9Q616_S1321___1","AHNAK_S1321___1","Ahnak","","PKFKMPEMNIKAPKISMPDLHLKGPKVKGDV",0.00183578930785547,0.0141986593605764,0.224630076388822,0.205770035670012,21,15,199177.90878992,218189.966310653,193875.609783848,210331.670883968,204502.74226035,206811.539729109,220746.394045536,201712.310610712,182678.469040281,191490.969416492,192294.343113528,195495.496625329,213540.035374252,202369.966336549,206836.419793284,198540.456237465,190634.43456797,200319.152460309,186776.891121129,196297.680231319,214497.511213765,307815.576782853,215797.892485949,220966.394051918,102801.23282504,101284.783356075,102591.211905261,101516.573703596,111402.627210578,101324.709227562,113672.640711589,108765.87637813,97295.570978816,106028.274559261,98958.6226069809,108696.171781385,118302.943027799,123335.934200349,105968.538009135,113352.144083264,111471.269859572,110207.087462803,117969.994274501,116334.148023188,124406.243812114,125232.234346786,120760.775249386,103336.421601896
"E9Q632_S681___1","REPS1_S681___1","Reps1","RalBP1-associated Eps domain-containing protein 1","TPLAPPPKPVRRRLKSEDELRPDVDEHTQKT",0.00184005745297909,0.0218397174661301,0.205023204855806,0.180669439557163,18,24,313419.730943838,295080.728153822,305781.019229278,343071.472128747,337234.801853192,366710.778163822,343303.23400921,339319.796742384,331839.873593923,297588.888922502,310562.800908853,319206.333420079,314401.351454001,328207.637946876,331938.189764845,304581.786785527,337884.138989077,325740.337946385,365457.3311102,340170.087851145,355331.193431081,412158.522690732,342705.944793839,315379.667333624,222772.1849118,209845.462942006,213324.455592342,203181.285117358,211365.373341838,205220.163764289,211559.725936662,214350.677115672,204631.635064203,217822.753313536,206011.619993413,205018.741379736,204064.567622367,220659.800390637,203756.19859127,229852.485666683,202696.072127403,193598.351696284,204951.464556392,200219.860417423,218304.279319747,205802.428504681,207882.408098586,220825.586324819
"Q5SWZ5_S292___1","MPRIP_S292___1","Mprip","Myosin phosphatase Rho-interacting protein","DLRAEEQLPPLLSPPSPSTPHSRRSQVIEKF",0.020132064656167,0.0293634927223634,0.211817918258791,0.220854115779016,18,24,76469.4287797239,79970.6989317437,79916.1685085487,79006.3526731019,82523.132502838,76354.6843407521,79350.1876420177,78868.2306187019,74583.1445574801,75098.2191372544,75386.1492944864,79084.2170651572,77127.2484619558,80732.8207080952,78176.7587564332,76498.9471473755,71129.9135572502,77711.1044926864,78551.1566184997,90379.9383923107,81252.343727435,83908.6381679988,86736.99515066,87240.0693006811,61775.0608708004,63863.8026514294,59608.1520508944,64732.078865658,60331.5050017235,60146.8826555688,61646.1413669058,62114.2801686825,60189.028435095,59940.9117607647,61439.2522793467,61387.3333885691,61339.5093701924,59099.3389796018,65092.3356830371,66782.967265295,60108.9196041086,54221.2497977266,55818.8306432638,64970.9898397773,62066.9234540183,71176.4900090301,68381.1454445628,65816.9805243085
"F7DBB3_S843___1","AHNAK2_S843___1","Ahnak2","","LEKDVEKGRSRKLSFSMPRLALPKIKVSKGT",0.0427785880906672,0.0068489271824314,0.344056979491699,0.339755463757973,21,24,270059.152261994,240056.621548498,245789.299305787,250356.006896588,248216.155428333,260597.91955011,258356.177479228,233484.905145374,259107.736824065,265372.617048016,260160.023314301,251244.749236771,267579.370582045,252160.487439303,278426.156182326,273570.327455047,272113.812337223,303647.728085774,218017.367803219,262408.577366103,250724.076503339,254048.362187527,287447.659925474,283775.170717023,53825.3870914705,56205.6061282716,46632.2406351905,53929.3616960955,53870.183764053,55794.0617465175,57358.0057253003,55679.9847075021,60397.872049279,63432.0877049723,52875.2499021961,54590.9353020578,56240.1592834165,51455.9289644529,63287.6207239225,62221.3968351804,60515.0887224208,63393.8140916852,45318.1333981118,54342.1088561765,50391.8652038658,53706.1995529529,60531.7038857614,62087.52796129
"G3X9V2_S252___1","CTNND1_S252___1","Ctnnd1","Catenin delta-1","IEERYRPSMEGYRAPSRQDVYGPQPQVRVGG",0.00924961567214477,0.0195177169789697,0.26112079408872,0.383290740457584,9,12,59778.21131605,62527.9513043414,64401.9614283328,53437.5541947473,66009.2414518066,53241.937023728,62042.9515082837,59279.5841560906,63420.2256421625,62192.8421653959,62915.2979478203,64031.4567926425,67386.9775120099,62565.0061650533,62382.2978040124,60873.2640567001,61925.7046936248,60929.3906776905,72136.9625050893,65414.8976956732,61497.5837570427,62152.7253897288,63345.511024526,56620.0303135897,76587.2494337783,75865.0169444649,77691.200357653,76711.6290896524,82259.6320848442,77182.2470276445,83617.5503720669,76854.8140406529,78183.450685906,60441.0516978034,88701.7846353724,89159.5015712996,89600.8186002398,73396.9087383366,81975.4265222984,67347.8410704265,75769.5907294869,79816.3843211199,83469.9623178391,89575.9760503484,81899.8101127026,83458.3624970812,80896.0643099766,82791.3918738269
"H3BL37_S1339___1","TCOF1_S1339___1","Tcof1","Treacle protein","KEKKKGKKSLAKDSASPIQKKKKKKKKSAEP",0.0491309417340908,0.0192534415183942,0.24975477243213,0.218833215304349,6,6,60157.1256652417,58201.1182217158,61582.4921711451,55179.4416730367,60660.4366110885,49696.0366698319,53808.6968089307,52428.511697745,61128.6262591382,58837.2959170531,59222.9922673785,51626.4462785063,59198.3772682327,55791.055112041,60880.5860941122,56270.5877593718,58521.001657136,64678.4213367619,56656.6594809101,52122.5749471134,54655.2700362645,58307.4893386221,53700.8392159808,58491.9050114707,104397.668513986,104099.272087081,94320.553351774,78678.668214801,89226.7637386484,89617.245203927,95532.0649332925,89530.6067707364,94001.7291418579,100391.848743667,98252.4473805842,97739.2901871822,97214.5755112726,97555.4373362831,91155.85766975,88970.2327720258,106808.645671236,107276.903676546,107302.539101516,99470.7319582598,98581.2974206919,72614.862594026,106832.20670795,87675.7166146533
"H7BX95_S199___1","SRSF1_S199___1","Srsf1","Serine/arginine-rich splicing factor 1","EGETAYIRVKVDGPRSPSYGRSRSRSRSRSR",0.0342496971548685,0.0486016431266704,0.226395158114368,0.208779265334902,9,24,119012.244996908,121208.904726381,122961.515880512,130899.367062274,124650.087497836,121685.54189863,113544.849467691,119329.869543204,131333.879560117,135025.366104484,140206.633369333,123312.161735223,116537.456235348,121084.080476734,123772.472277102,128873.087147375,128138.103160315,122342.897886158,131158.092928134,130087.257805056,128864.499379588,125526.611118514,121044.698912685,128256.150401092,206999.871087814,226034.380303746,180301.084906323,209488.60980087,178139.047764091,187670.445382326,181934.722574794,210484.542002969,207552.583319424,180006.923031097,187600.681393775,185575.895566066,183535.82025522,170258.50519627,192026.159742873,206402.995637602,188344.231476916,194197.444047266,173787.639119181,188352.792050546,175460.931514509,217340.595309426,183719.181490026,189320.516974068
"P26645_S163___1","MARCKS_S163___1","Marcks","Myristoylated alanine-rich C-kinase substrate","KKRFSFKKSFKLSGFSFKKSKKESGEGAEAE",0.0176600000954791,0.0197703986499433,0.317743031264148,0.210958916506891,21,18,1755853.13254801,1707693.48354975,1410948.14665838,1335010.95456775,1472200.96222581,1400285.50803516,1615723.95889961,1469816.15506064,1360345.63970047,1457661.45338712,1429313.91487734,1432338.36310387,1579425.30395731,1369472.56635352,1590795.71855185,1456225.73680744,1714707.59035615,1768448.1661098,1354922.52427264,1441731.49207802,1573518.97986674,1876209.15790131,2125710.84266995,1883112.16963549,538171.098387862,622473.246463185,479032.283050601,508641.268111073,570963.045334964,611748.453585834,557038.029172418,543243.172548318,523053.324568395,546932.779858064,481868.695357112,512492.977073218,543513.131211371,579707.83264542,565546.285331609,563445.043974738,614835.148259871,624421.995879752,544978.641771521,581704.111121697,566619.402768686,738270.875061077,640266.693545939,566319.248383079
"P58871_S429___1","TNKS1BP1_S429___1","Tnks1bp1","182 kDa tankyrase-1-binding protein","GHTESRPSSLAQRRFSEGVLQPPSQDQEKLG",0.0303785489274348,0.0181228654291147,0.275948289290737,0.221043716909802,21,24,560459.244403359,509890.952199188,534818.161334266,541485.583688971,583803.922423781,584501.175862835,569868.79638811,569201.384635584,561006.816714081,580718.533317534,586345.48555911,571238.854878325,563108.187060771,558904.166155343,614678.294463237,602814.621003167,639270.112367234,601920.466095663,485020.022566828,537365.594951867,516465.172414152,521259.48770608,621709.530519506,602228.02729369,335640.737385485,343208.74717458,331297.99633697,346497.998642883,349256.633021726,368196.685300541,368892.612948983,371167.418781154,391955.592972173,371614.180986308,373997.621295954,380031.130221408,385930.311712447,348274.240052423,426685.217330206,416757.387158344,384407.224740371,381720.728934468,348041.456887976,384358.215502472,343741.201192125,392131.167095978,402456.010274614,408193.020990699
"P58871_S1131___1","TNKS1BP1_S1131___1","Tnks1bp1","182 kDa tankyrase-1-binding protein","QFGIIGNDRVSGAGLSPSRKSGGGHFVPPGE",0.045541339617596,0.0237070330685355,0.223965720178501,0.157493206187034,3,3,76759.1087803799,74919.8176960471,68756.5038589639,81222.9243806399,66064.7969664155,74865.8381689961,67475.3251080956,70625.5627077241,73731.2773760889,74421.9602417345,76327.79427004,69172.618373361,67178.8867559817,67592.4091521061,73833.3395411006,69595.813614931,80510.0329721883,67726.1394432464,72822.0411877571,68531.6374899081,71798.7185120891,65269.9183057169,77245.4744143171,68092.8854781615,268270.815912654,267409.365408199,249066.500825445,253337.04213439,240975.030582649,231513.896844918,245513.095958669,243835.143516622,249621.423485379,233151.478316265,220340.694504511,226786.175409695,233107.29317226,237602.763918482,243256.529998488,252668.858001394,260875.6046917,231258.492217883,231003.617265047,245127.658979813,228017.343510681,293868.703502247,255574.010355942,243033.907026542
"Q3TWW8_S45___1","SRSF6_S45___1","Srsf6","Serine/arginine-rich splicing factor 6","EIDLKNGYGFVEFEDSRDADDAVYELNSKEL",0.0203195763902195,0.00183159183363103,0.149070948387107,0.511133087747191,24,24,40307.0691480753,39609.1732965536,45985.7129755459,43905.6891367169,38585.8239400307,41532.8366087971,40592.813620387,42702.8695425345,40438.9506413375,44138.2162560339,39911.79632789,40052.5134494427,38829.063679369,43905.3442035434,42344.589909689,44620.3562860556,42180.3496732657,38947.7388895979,42621.6408047569,39458.9238628248,39046.4152933086,40283.5482346008,42213.660566713,42072.8581183013,23819.0438062536,22126.358725055,24110.1561947294,28689.0476106154,25264.5548406689,27063.8178402821,24508.5643662105,27570.7428457058,26930.4600483174,29375.3754274526,24475.5465791422,25736.0873638025,27022.1523590837,28776.3145750201,35972.7408739433,37367.9096954248,26252.9528607887,26076.807262156,24699.2534537108,26611.5835528734,27382.2570673034,38570.7730511775,29968.7382401903,31539.7144395671
"Q3UDE2_S11___1","TTLL12_S11___1","Ttll12","Tubulin--tyrosine ligase-like protein 12","_____MEIQSGPQPGSPGRAERLNARLLDEF",0.0231815048497708,0.00268266249127061,0.189109773863235,0.33822490548238,24,24,53060.5126343088,59407.9149687844,57891.0683245816,53898.7567281139,58124.0961816905,55688.2634060372,61233.0122610594,58875.600758519,50845.4426097858,59233.5969355592,52500.4347645635,56575.422869396,56746.5527847423,61709.5722177067,57183.2389283043,57718.9116546268,52902.7259741747,57082.0869494002,49414.9671487634,54376.9269484444,51043.6857814972,58205.6910769543,58904.8192803664,60341.0856391698,59863.2892262067,60405.5124310817,61028.1137133331,63245.0878040953,62485.4381003423,62148.4428912236,70186.0114171011,68634.6040928476,67553.8914680331,62865.2621991325,62962.9190629038,67356.7824180369,71619.4652741352,63900.6818351398,76403.3803537682,74867.1397304472,60488.9754160303,56787.355641399,67118.2570144784,80773.0680138747,64801.4757219675,76016.6937749586,72332.6775382879,79247.3529966181
"Q8BFU6_S269___1","TMEM45A_S269___1","Tmem45a","Transmembrane protein 45A","TSEVGLLKHADREQESEEEV___________",0.0463630096995417,0.0413986336361295,0.190141740751624,0.270707685884265,9,18,92935.427745764,76776.0463543696,95171.0331102932,87480.2861419661,81660.3838924103,77610.9518322404,83081.6267062081,74766.9412480538,90630.9736020238,86566.0560093117,91158.8712002027,87307.6966180665,84673.5176446179,78063.3954223908,85563.3697277251,84030.9229702696,76878.4664130896,88990.4222722793,86056.8408309918,90393.0639914273,86235.8023556254,98129.1662981664,75435.8181497181,87699.6089629357,81326.7149924882,71491.8845183798,78764.912857938,79916.8115072259,75729.956390337,88066.7106246688,86361.294121094,82097.7093848185,77654.9917803333,99644.8303038409,78877.854043474,81245.5891946441,83668.9054419706,101944.806280566,85311.4122436926,102388.842869189,101853.674429705,89981.9959109567,87436.8869487432,81751.0127892298,85968.2079319148,100340.087494424,93547.9331609025,86602.2030515594
"Q91V89_S565___1","PPP2R5D_S565___1","Ppp2r5d","","MLKDIKKDKVLLRRKSELPQDVYTIKALEAH",0.0444918511453964,0.0186218590194369,0.269205895433913,0.319146973322045,3,21,129806.731673886,132196.610400982,111623.696822271,118228.079240962,126659.231274197,146277.51526257,123710.149295915,138317.557308759,150699.406210462,152454.061799921,140880.742076671,130884.848734928,147633.156450781,135633.046802549,166007.838777091,163846.918838561,166091.222555385,147460.188897219,126676.99072716,138215.786844107,125402.265380727,112309.9624412,151839.849722037,141605.219095804,170594.230218073,160823.795133388,159512.089848723,133361.126167439,165986.425667684,156880.664528673,195448.043420749,143544.518543779,162041.988197743,172593.496898434,148859.014212088,152563.150243658,156063.700735106,160089.606812282,175838.941291978,187333.127704951,173667.401616321,171104.995404996,148828.852418778,163537.488188314,131688.707163445,123027.358897873,163384.492352613,168333.252553984
"Q8CIN4_S141___1","PAK2_S141___1","Pak2","Serine/threonine-protein kinase PAK 2;PAK-2p27;PAK-2p34","VLKFYDSNTVKQKYLSFTPPEKDGFPSGTPA",0.0204313156566051,0.0431899996954131,0.210386392651052,0.339309888860956,3,15,532002.623578151,485854.016560654,456104.622014403,408371.703374294,472684.019978183,432549.253144765,469258.091500341,392384.494287575,453882.351644012,463862.573940681,436414.198845727,405075.962320926,466409.94787293,430584.788820661,476979.475860658,505118.066436456,469255.125898342,476493.710995106,430486.269356984,431921.056993961,407491.638650787,451556.080505485,477314.223553896,427461.638959242,371988.546880377,394542.611584371,393800.166905184,358184.309172916,426604.451875168,365548.073498451,450689.612609861,345999.823451076,379028.542172674,323182.409967977,380417.378313864,411364.186703092,441238.757974758,356826.428208294,436141.35801829,335035.610304228,387260.111956381,381099.807499438,395554.424209437,399119.09014574,370542.537559224,388721.373908266,400128.273648009,368174.177247493
"Q8N7N5_S124___1","DCAF8_S124___1","Dcaf8","DDB1- and CUL4-associated factor 8","RHRGQRKRASRDQDSSDDERALEDWVSSETT",0.0237070330685355,0.0181228654291147,0.164164837375863,0.588464852222695,12,12,44912.3077464844,44830.659500529,42401.6407944004,50233.1675794541,47728.7091511438,49592.4896461273,43276.0655518579,42938.2316966196,45133.2255806912,47477.5382159525,47445.0740622491,49879.1416864508,48939.1301248589,48332.7890518775,49634.2181497879,50060.6643197958,46029.0140423618,47163.1841611201,46635.7468954361,50284.6429961505,47098.7177284447,49822.539637536,48145.393717142,48753.1888160328,28749.8630755666,26607.0112221153,26569.8903534299,30019.7822900753,29813.6450651318,26927.0351988684,30765.7924253192,29572.064195029,20123.8343743021,33918.8188397401,27472.1132425931,32429.6251073026,37242.9125000273,29662.2830550027,31559.4481401394,29304.8077032298,26201.3349416162,29820.0121103253,28259.214937083,31839.9302567995,27851.8178948947,30433.4026376819,26918.8971771487,27711.4369251766
"Q9DBR7_S507___1","PPP1R12A_S507___1","Ppp1r12a","Protein phosphatase 1 regulatory subunit 12A","TRLAYVTPTIPRRLASTSDIEEKENRESSSL",0.0435531303238119,0.000421269527104311,0.366088378494585,0.241340344315564,18,24,173844.490813908,148225.373149274,172904.924633699,178450.993539373,196398.033870115,204717.535843691,182968.048637621,182843.56951693,193012.314347755,178119.402182317,215449.545483702,171932.020812049,222166.662287732,206803.205952096,242767.175746307,210387.127384569,188490.535628891,190901.607179118,181496.718747393,191494.971686539,177327.438834324,222589.126714675,184393.408000598,175762.640993539,53515.6414518504,57985.1087799334,49090.7676057089,53305.7885469601,50229.8596349219,54641.5744454977,53335.442188479,55509.1794683185,49055.618098096,55026.4852285384,47139.2713373635,48006.8540999075,48857.9470840483,50132.5742376739,50160.8507759972,58710.6889781722,54721.5727431453,49901.3489256388,49289.3866514381,48198.7540050315,49437.870263352,59012.2809732895,52365.0340155324,55112.0678420385
"Q9DBR7_S994___1","PPP1R12A_S994___1","Ppp1r12a","Protein phosphatase 1 regulatory subunit 12A","LEMEKRERRALERRISEMEEELKMLPDLKAD",0.0123399999129752,0.024696328548173,0.292362057817624,0.312492543080864,12,6,38957.9691115179,36828.1479343706,42660.0029447055,42598.9717072174,40170.9540341436,38209.0923156799,40337.633761366,39159.2930798072,36269.4494354821,38190.1965455618,39886.1580067756,43875.3321503548,39269.0944872804,41112.2768299281,35749.3233177266,32306.9372090052,35797.1892215476,39726.8437694373,37224.5695469763,42079.0449200498,45337.9082774391,48442.004992736,43520.1779374535,44004.045114974,68725.4608018237,76356.9235621408,70374.5735057877,79118.8806713903,74430.3908938586,70212.9372652934,56938.6870536754,69125.2894344855,69761.9602221453,77433.7471940558,70298.8785565718,67861.3591094108,65444.9049219607,76567.0008662038,69369.2367061841,68391.3580178577,66399.2057698535,73455.0330389954,71865.9448731483,72279.0163190912,72833.5148681415,77264.462941618,65190.6014545479,64259.9563764899
"Q9DBR7_S666___1","PPP1R12A_S666___1","Ppp1r12a","Protein phosphatase 1 regulatory subunit 12A","TTTAGTVSEVRERRRSYLTPVRDEESESQRK",0.0419559997041156,0.00570065779395006,0.330415657372093,0.38035410422848,24,24,41042.9451992969,34145.56490474,40333.4385268734,41506.6217443495,44910.6664615125,46538.8198404266,45187.6678165825,43701.2971202626,45845.0634620325,49932.6767743793,42725.6427760511,48080.2640195207,40312.1852178614,49227.5794943748,47809.2445472322,54148.7174000483,47150.8325662972,48296.4621309889,38864.6508636319,47694.7936482691,39548.7173417153,42426.4051901528,52391.2937454538,52089.8468817712,32566.6608920953,34502.7040944859,33042.5968815813,35518.9646177273,35070.149181037,35143.2401920384,39662.8222451452,39165.3415885347,38344.2079297345,40305.6300234869,33144.546672027,33133.6705020186,33118.7972183851,32007.9643720691,39582.7147452222,41740.2735478825,32593.5591372694,34947.0085312583,29095.0543691514,37725.6306572218,35201.3088147571,33083.0095052189,39154.0245630963,44398.4441574896
"F8VPU2_T24___1","FARP1_T24___1","Farp1","FERM, RhoGEF and pleckstrin domain-containing protein 1","TPASRLGAPENSGISTLERGQKPPPTPSGKL",0.000389121307828349,0.023027687578965,0.224469362024062,0.187814929992357,6,3,108808.12296264,115407.518379796,99646.5364067776,100378.703264853,104549.254209283,98400.1285157649,109903.286012152,107152.995667738,108494.797243118,115043.681355849,97795.1866417797,92892.6688407781,101828.35503977,97443.8799086393,112090.625642803,107692.77497931,112444.00609272,106230.200516063,94782.3734605251,95974.0572848465,97217.5099651729,99387.4789185155,112381.253317601,108795.526553754,78362.4506942272,80423.2959895138,76085.4219451582,81198.811063356,77552.2379471776,77296.9273873253,85303.0619346295,86243.0039656123,89263.0885000081,87930.6370531297,76682.9708249817,79044.0677238358,81276.6082717646,83003.2876172915,85562.5159146987,79591.9702494601,85601.0981357951,87965.3244418322,74282.6970676804,85270.8789389189,81218.3192861069,80804.1994994406,83841.9839683851,80822.8637092276
"E9Q4Q2_S80___2","SF1_S80___2","Sf1","Splicing factor 1","LRTGDLGIPPNPEDRSPSPEPIYNSEGKRLN",0.0100098705053096,0.0125399333596522,0.160720476240781,0.328315284942889,9,18,1606778.21431836,1465528.57877282,1666640.05896729,1811633.43792993,1436772.55951707,1506833.44361535,1458711.81688439,1431380.315052,1618846.17531343,1622664.35898802,1657810.06517741,1602262.67024612,1496377.49423849,1551152.00371307,1498780.09316752,1470780.41215719,1518382.83622093,1430067.81183411,1632928.34227706,1541024.76067706,1589016.81244806,1519730.83992947,1558573.57894791,1586084.61788242,789009.362551528,792101.690485804,839666.641178156,899612.798501078,877184.357681664,883683.984836315,811082.091957496,834162.10117775,820942.346576922,861993.734774789,844256.374982877,840755.319594417,837200.890600562,840614.232486497,862443.443048336,972426.838041904,809375.07729619,734241.19212322,765325.689229735,844219.621139194,884579.602264082,1185393.12656441,885184.286914036,880092.205774674
"E9Q4Q2_S82___2","SF1_S82___2","Sf1","Splicing factor 1","TGDLGIPPNPEDRSPSPEPIYNSEGKRLNTR",0.00767027011538955,0.00631669303620316,0.158070186695379,0.335023447148608,9,18,1666266.35296566,1519787.19798281,1728344.47717479,1878705.9810932,1489966.5376676,1562621.30283163,1512718.05746943,1484374.65483085,1672940.69189995,1678672.82140804,1713428.95815582,1658639.06212429,1543287.45428861,1605972.51395476,1552050.9652971,1527479.09406211,1580764.23066676,1486290.49187117,1692169.17371295,1601548.61902048,1649093.92163125,1581313.21489262,1622020.47194162,1648997.81836386,932141.5911165,935844.40437959,990970.545320296,1061742.81006868,1035892.46338769,1041269.17087139,958540.922495625,983280.664024135,960356.343461589,1025426.86155804,982577.192091102,981180.939184281,979686.752754684,998305.210378689,1008137.49199238,1154780.73423126,951401.116695176,869276.001644688,907207.105062274,999128.634619562,1041028.94605182,1401914.88060825,1052302.43438085,1037399.0670981
"E9Q5K9_S146___2","YTHDC1_S146___2","Ythdc1","YTH domain-containing protein 1","EKTCLRKRDSERRAKSPTPDGSERIGLEVDR",0.00949010107459948,0.0309712590721756,0.27513839144675,1.0109707697655,9,6,73396.3093583341,70132.0132757357,84748.2985653303,69602.7608119724,80842.2653665159,67932.2256437744,61436.8707609709,64792.338735517,74429.8388926859,66932.1245555,71636.9447344126,58891.8471186714,70405.1022205122,62389.1771904068,70574.3251747297,62957.7680410125,67826.7722162574,67452.9297163576,72324.9040116089,68887.8786024794,66932.2082034893,65646.8738786259,59451.4040852717,65021.1469878232,43741.6302745637,47866.5725177158,39828.6510923134,34118.8831151805,39291.7369780637,44441.0425315825,42154.5664772837,41892.3459127838,43602.1072061145,54864.0688696607,46288.0226550598,46151.3622033974,45997.8584844,52370.6110236393,44838.6502484093,44165.1382511669,51421.383911366,88334.2814232541,56013.1035144793,49761.4640114611,36779.20805967,32410.9442314833,41733.048110481,41049.0837184696
"G5E829_S1155___2","ATP2B1_S1155___2","Atp2b1","Plasma membrane calcium-transporting ATPase 1","SIHNFMTHPEFRIEDSEPHIPLIDDTDAEDD",0.029283003136243,0.0095579361945496,0.415034799442998,0.283734598808317,24,24,18345.303451909,20275.7206609914,19113.0227463964,17900.6737403345,21408.9807503338,18535.8388358554,21324.400496885,21801.4030149848,19483.9368712552,21199.2080968902,19270.5351033677,20975.7497332174,19915.6795033227,19318.3921012873,20956.7048084242,19725.0004715481,24512.2739758708,21475.1430530828,16928.6859044411,20158.0070773775,18109.2612740954,22803.4176132554,24370.6225956654,21639.8148321188,27864.3180723696,30257.3577082588,23046.1961907144,28105.3784577581,27269.6610616926,27284.9882925453,28869.9236137804,29285.9406339261,30653.8393487577,28223.1882889765,24047.5251195087,25820.9556324336,27493.0653657439,29288.3239062786,28082.4974196638,31775.5058097192,30721.241593048,34679.3545817245,30371.3609420246,30012.9616120076,27732.9566452367,30698.1141020002,31508.3891453897,33232.8721864544
"Q05CL8_S256___2","LARP7_S256___2","Larp7","La-related protein 7","GVCKATKRPRTASEGSEAETPEAPKQPAKKK",0.0105066298236292,0.000214196041526354,0.136744614272331,0.208028199013158,21,15,200356.748788062,222476.522363155,191365.693556202,212684.9976817,201361.093024104,221708.275405966,214744.896886661,222817.126768083,193757.192141255,202742.484866724,191895.313060576,196082.903935959,188857.734305497,208842.969096727,208398.699569087,206448.623781643,195877.581383018,190295.879825242,193494.852780744,195941.571902888,193975.660464219,196619.56355564,200965.7211501,197061.140101693,86370.653112691,84179.9841148287,87615.2637467914,88774.2363479654,93386.0444599905,88228.9072077834,90006.0310255709,90650.5605207856,81273.5187681568,78380.0526104996,82837.3348584834,88053.4954197449,93191.6468514151,83761.7014713531,92902.123551059,85322.5107950283,84461.163515839,74818.7477017158,79043.2402713118,84180.7375422307,87391.7896532249,90914.9987587761,84898.5226397086,85171.9432260503
"Q3UH59_S1989___2","MYH10_S1989___2","Myh10","Myosin-10","SSSRSGRRQLHIEGASLELSDDDTESKTSDV",1.0861967989442e-05,0.00031684638118738,0.254557145527081,0.259697236451274,18,3,276749.781901168,208105.726219029,305155.080288539,279536.509606845,339720.065029983,320056.505599138,298691.254969789,277756.877345592,301067.280019964,295653.530386997,302387.537544468,306282.92168588,327059.138866247,307499.220606818,289353.623067086,278490.918142341,282886.679141123,287736.428457883,292037.541508462,305494.537625674,298872.229419537,307718.051414163,287084.081232694,264093.539523663,210279.875568699,201621.875048649,204204.476049476,201058.160595453,194143.403094641,199352.194131608,214583.96170002,204916.237569945,234507.209350448,227219.938829683,200593.776953804,191857.758287245,183556.277719189,200414.524035181,210938.469770994,188283.584438367,228263.942125146,203722.068763174,208876.324115575,188103.900808304,193949.875463463,169225.9890125,210017.473407853,192001.90687849
"Q3UH59_S1993___2","MYH10_S1993___2","Myh10","Myosin-10","SGRRQLHIEGASLELSDDDTESKTSDVNDTQ",0.000193467392346384,0.000605152812775316,0.273992448815887,0.248744938753561,15,3,253648.672611201,186443.583377938,279868.515118445,253240.857501917,312311.017603926,290712.114960499,271039.526632995,251990.755047612,278530.185366583,270262.440840086,283322.932893224,285100.541707077,303284.766546532,284059.898598302,263912.665710271,258433.648081984,257692.04558826,261952.04737338,266329.220838823,276921.417226595,271812.362521471,278703.868396396,260898.364401634,238708.513363033,207402.229583771,202285.401106199,202399.310340105,200981.946128115,196754.014084115,200805.995529645,214176.493562151,207094.766313276,232191.487656156,225818.030916633,199143.867457326,190751.691058319,182777.361167831,199905.322949181,209867.571839618,187973.460153358,226248.761945212,201923.551347919,207032.303441541,186443.26510234,192237.629800412,167732.012978384,208163.378337422,190306.858446185
"H7BX26_S1229___3","CEP170_S1229___3","Cep170","Centrosomal protein of 170 kDa","PSVNSRWRRFPTDYASTSEDEFGSNRNSPKH",0.0431899996954131,0.0129418186835413,0.268866346142257,0.253591982663103,12,18,14280.3589882613,16636.4309565756,14152.1146320104,17517.986653564,16749.1406436115,16646.7083145585,19237.8799831515,16919.5708873908,15100.3627851807,16993.0069815434,18349.1187006715,17958.4814130701,16788.8430038132,17716.0131441895,14721.8529820707,15713.6952115154,15547.8405352609,16772.7162309596,16260.9583623465,17170.2229736432,16684.2955818178,18420.9434103897,17812.7596792324,15699.1911139025,18973.6081026061,19802.0333489029,20549.2145465895,22005.6995813942,20614.5126639085,21523.0427441089,21101.9277706014,21736.2222030106,21758.3566963506,20100.7433037655,21028.1753226429,21724.1201732234,22409.7525769229,21456.6440221973,25187.7734156844,21393.5704260748,21002.5970189894,21104.8594562325,21112.8478305328,24622.7974494632,26449.9809589802,27964.6170555003,21760.3697236046,29369.5419637122
"Q63918_S288___3","SDPR_S288___3","Sdpr","Serum deprivation-response protein","KSLTPNHQKASSGKSSPFKVSPLSFGRKKVR",0.0142351516118992,0.00519765857683682,0.28566719213271,0.383027886534028,3,21,90171.4802384577,88281.7692193588,76114.5592343715,73869.6250526453,74063.5615227954,75613.3367626226,75105.6072330301,71339.92560881,66158.2571175984,72669.8557538328,64450.8189806236,63128.8587319641,63221.8707992569,60389.3546711337,76533.3536616824,76622.7326895204,78595.3745239121,73018.1673116703,64398.8393172679,60710.6122114389,56690.27819763,61039.5615177441,67977.3987091347,71619.1377258799,69302.2287403907,70205.495982671,71829.9330665752,71022.162587507,71672.6444439634,67686.7290809327,72965.2686703854,66768.284293308,67269.5517005403,66238.4574047125,72326.0973062117,76623.8447452188,80755.3034731677,78328.9326569863,80139.3216916344,91648.8504560977,75799.1502695573,64233.5428720425,72084.6920141564,75580.2086564895,74534.8451527647,93229.4753919524,82475.5861268503,77387.108588786
"Q63918_S296___3","SDPR_S296___3","Sdpr","Serum deprivation-response protein","KASSGKSSPFKVSPLSFGRKKVREGESSVEN",0.0142351516118992,0.00519765857683682,0.28566719213271,0.383027886534028,3,21,90171.4802384577,88281.7692193588,76114.5592343715,73869.6250526453,74063.5615227954,75613.3367626226,75105.6072330301,71339.92560881,66158.2571175984,72669.8557538328,64450.8189806236,63128.8587319641,63221.8707992569,60389.3546711337,76533.3536616824,76622.7326895204,78595.3745239121,73018.1673116703,64398.8393172679,60710.6122114389,56690.27819763,61039.5615177441,67977.3987091347,71619.1377258799,69302.2287403907,70205.495982671,71829.9330665752,71022.162587507,71672.6444439634,67686.7290809327,72965.2686703854,66768.284293308,67269.5517005403,66238.4574047125,72326.0973062117,76623.8447452188,80755.3034731677,78328.9326569863,80139.3216916344,91648.8504560977,75799.1502695573,64233.5428720425,72084.6920141564,75580.2086564895,74534.8451527647,93229.4753919524,82475.5861268503,77387.108588786
"Q8R409_S234___3","HEXIM1_S234___3","Hexim1","Protein HEXIM1","TGLYPKRAAAKSDDTSDEDFVEEAGEEDGGS",0.0463072878477425,0.0254929843077914,0.38396579593071,0.339714195947213,12,24,13578.0054363248,13335.9552990277,16556.9060115489,15262.3247769264,17900.2384957827,15534.5476485056,15563.7960599001,14593.9312860431,12171.9569487829,13988.6182542153,14661.2776632263,14959.946277728,14318.206804215,12822.8390648062,13645.9923137036,13983.3653589783,13705.1486746836,15569.6835303865,15141.830618197,15357.4838122823,14338.0426681648,16233.318536762,16583.802240203,12650.5058772843,7869.95713689838,9380.06108111223,9484.73498897588,9711.00111786909,10664.3028021944,10589.8685483297,11095.7364312309,12892.31699557,9602.86691510746,10751.203060681,10126.3411162746,10461.4364449156,10792.2954653849,10138.5183784799,9591.61281764321,11353.7088741478,9628.52658240966,8649.72768792755,8535.00831106628,9863.82864261295,9197.62983347113,9942.87653792704,9782.06972579427,10774.0702654533
"Q8R409_S249___3","HEXIM1_S249___3","Hexim1","Protein HEXIM1","SDEDFVEEAGEEDGGSDGMGGDGSEFLQRDF",0.0463072878477425,0.0254929843077914,0.38396579593071,0.339714195947213,12,24,13578.0054363248,13335.9552990277,16556.9060115489,15262.3247769264,17900.2384957827,15534.5476485056,15563.7960599001,14593.9312860431,12171.9569487829,13988.6182542153,14661.2776632263,14959.946277728,14318.206804215,12822.8390648062,13645.9923137036,13983.3653589783,13705.1486746836,15569.6835303865,15141.830618197,15357.4838122823,14338.0426681648,16233.318536762,16583.802240203,12650.5058772843,7869.95713689838,9380.06108111223,9484.73498897588,9711.00111786909,10664.3028021944,10589.8685483297,11095.7364312309,12892.31699557,9602.86691510746,10751.203060681,10126.3411162746,10461.4364449156,10792.2954653849,10138.5183784799,9591.61281764321,11353.7088741478,9628.52658240966,8649.72768792755,8535.00831106628,9863.82864261295,9197.62983347113,9942.87653792704,9782.06972579427,10774.0702654533
"H7BX26_T1230___3","CEP170_T1230___3","Cep170","Centrosomal protein of 170 kDa","SVNSRWRRFPTDYASTSEDEFGSNRNSPKHT",0.0431899996954131,0.0129418186835413,0.268866346142257,0.253591982663103,12,18,14280.3589882613,16636.4309565756,14152.1146320104,17517.986653564,16749.1406436115,16646.7083145585,19237.8799831515,16919.5708873908,15100.3627851807,16993.0069815434,18349.1187006715,17958.4814130701,16788.8430038132,17716.0131441895,14721.8529820707,15713.6952115154,15547.8405352609,16772.7162309596,16260.9583623465,17170.2229736432,16684.2955818178,18420.9434103897,17812.7596792324,15699.1911139025,18973.6081026061,19802.0333489029,20549.2145465895,22005.6995813942,20614.5126639085,21523.0427441089,21101.9277706014,21736.2222030106,21758.3566963506,20100.7433037655,21028.1753226429,21724.1201732234,22409.7525769229,21456.6440221973,25187.7734156844,21393.5704260748,21002.5970189894,21104.8594562325,21112.8478305328,24622.7974494632,26449.9809589802,27964.6170555003,21760.3697236046,29369.5419637122
"Q8R409_T233___3","HEXIM1_T233___3","Hexim1","Protein HEXIM1","KTGLYPKRAAAKSDDTSDEDFVEEAGEEDGG",0.0463072878477425,0.0254929843077914,0.38396579593071,0.339714195947213,12,24,13578.0054363248,13335.9552990277,16556.9060115489,15262.3247769264,17900.2384957827,15534.5476485056,15563.7960599001,14593.9312860431,12171.9569487829,13988.6182542153,14661.2776632263,14959.946277728,14318.206804215,12822.8390648062,13645.9923137036,13983.3653589783,13705.1486746836,15569.6835303865,15141.830618197,15357.4838122823,14338.0426681648,16233.318536762,16583.802240203,12650.5058772843,7869.95713689838,9380.06108111223,9484.73498897588,9711.00111786909,10664.3028021944,10589.8685483297,11095.7364312309,12892.31699557,9602.86691510746,10751.203060681,10126.3411162746,10461.4364449156,10792.2954653849,10138.5183784799,9591.61281764321,11353.7088741478,9628.52658240966,8649.72768792755,8535.00831106628,9863.82864261295,9197.62983347113,9942.87653792704,9782.06972579427,10774.0702654533
